Fill , Create Time , Duration Stable , Bfield , Peak Inst Lumi , Peak Pileup , Peak Spec Lumi , Delivered Lumi , Recorded Lumi , Eff By Lumi , Eff By Time , Begin Time , to Ready , End Time , Type , Energy , I Beam1 (x10^11) , I Beam2 (x10^11) , nB1 , nB2 , nCol , nTar , xIng (micro rad) , Injection Scheme , Runs , Comments , 
6417, 2017.11.25 23:29:49 , 8 hr 34 min ,3.800556261,10561.749,40.265,5.463,25.153,23.856,94.843,100, 2017.11.26 01:57:49 ,5.596, 2017.11.26 10:31:27 , Proton - PROTON vs PROTON,6499,1899.927,1912.416,1868,1868,1866,1866,150, 25ns_1868b_1866_1089_1749_128bpi_17i8b4e ,307082,  , 
6415, 2017.11.25 02:01:01 , 17 hr 17 min ,3.800556261,16108.54,61.412,8.341,50.773,48.443,95.41,99.052, 2017.11.25 04:26:13 ,0.858, 2017.11.25 21:43:43 , Proton - PROTON vs PROTON,6499,1898.641,1900.275,1868,1868,1866,1866,150, 25ns_1868b_1866_1089_1749_128bpi_17i8b4e , 307073 307075 307076  ,  , 
6413, 2017.11.23 16:40:34 , 28 hr 37 min ,3.800556261,16158.827,61.603,7.916,84.303,79.013,93.725,96.75, 2017.11.23 19:37:09 ,0.913, 2017.11.25 00:14:32 , Proton - PROTON vs PROTON,6499,1947.059,1953.823,1868,1868,1866,1866,150, 25ns_1868b_1866_1089_1749_128bpi_17i8b4e , 307042 307044 307045 307046 307047 307048 307049 307050 307051 307052 307053 307054 307055 307062 307063  ,  , 
6411, 2017.11.22 18:20:17 , 17 hr 08 min ,3.800556261,15744.699,60.025,8.118,52.752,50.907,96.503,99.061, 2017.11.22 21:45:49 ,0.885, 2017.11.23 14:53:53 , Proton - PROTON vs PROTON,6499,1899.872,1904.785,1868,1868,1866,1866,150, 25ns_1868b_1866_1089_1749_128bpi_17i8b4e , 307014 307015 307016 307017  ,  , 
6405, 2017.11.21 19:19:25 , 10 hr 25 min ,3.800556261,15840.865,60.391,8.204,45.699,43.893,96.048,100, 2017.11.21 21:36:04 ,3.505, 2017.11.22 08:01:32 , Proton - PROTON vs PROTON,6499,1894.532,1901.005,1868,1868,1866,1866,150, 25ns_1868b_1866_1089_1749_128bpi_17i8b4e ,306936,  , 
6404, 2017.11.21 14:28:18 , 2 hr 09 min ,3.800556261,5403.936,59.694,8.011,13.607,6.41,47.109,82.095, 2017.11.21 17:05:28 ,0.904, 2017.11.21 19:14:34 , Proton - PROTON vs PROTON,6499,671.927,665.788,656,656,644,644,150, 25ns_656b_644_371_602_128bpi_13i8b4e , 306926 306929  ,  , 
6402, 2017.11.21 08:48:23 , 0 hr 23 min ,3.800556261,14.097,50.143,5.089,0.024,0.021,88.521,89.872, 2017.11.21 12:58:08 , n/a , 2017.11.21 13:20:41 , Proton - PROTON vs PROTON,6499,3.631,3.443,3,3,2,2,150, Single_3b_2_2_2 , 306896 306897  ,  , 
6399, 2017.11.20 09:55:33 , 17 hr 56 min ,3.800556261,904.755,3.472,0.58,27.652,24.08,87.085,92.834, 2017.11.20 12:05:51 ,97.513, 2017.11.21 06:01:46 , Proton - PROTON vs PROTON,2510,1557.084,1557.944,1548,1548,1536,1536,170, 25ns_1548b_1536_1344_846_128bpi_13i8b4e , 306810 306811 306816 306818 306820 306822 306824 306826  ,  , 
6398, 2017.11.19 19:08:07 , 12 hr 60 min ,3.800556261,944.191,3.624,0.58,27.073,26.154,96.606,99.677, 2017.11.19 20:45:46 ,0.821, 2017.11.20 09:45:32 , Proton - PROTON vs PROTON,2510,1595.001,1588.418,1548,1548,1536,1536,170, 25ns_1548b_1536_1344_846_128bpi_13i8b4e , 306801 306802  ,  , 
6397, 2017.11.18 11:03:13 , 30 hr 20 min ,3.800556261,967.055,3.711,0.58,47.326,45.667,96.494,99.855, 2017.11.18 12:40:04 ,0.822, 2017.11.19 18:59:55 , Proton - PROTON vs PROTON,2510,1616.729,1609.224,1548,1548,1536,1536,170, 25ns_1548b_1536_1344_846_128bpi_13i8b4e , 306793 306794  ,  , 
6396, 2017.11.16 19:38:40 , 37 hr 10 min ,3.800556261,784.922,3.615,0.599,40.916,39.415,96.331,99.753, 2017.11.16 21:47:12 ,0.873, 2017.11.18 10:57:36 , Proton - PROTON vs PROTON,2510,1309.664,1304.519,1292,1292,1280,1280,170, 25ns_1292b_1280_1280_800_128bpi_13i8b4e , 306772 306773 306776 306777  ,  , 
6392, 2017.11.16 02:35:01 , 9 hr 04 min ,3.800556261,1316.653,4.255,0.516,29.1,28.096,96.551,100, 2017.11.16 04:51:08 ,4.715, 2017.11.16 13:54:43 , Proton - PROTON vs PROTON,2510,2169.156,2169.417,1836,1836,1824,1824,170, 25ns_1836b_1824_1741_1094_128bpi_16i8b4e ,306709,  , 
6390, 2017.11.15 12:17:05 , 7 hr 56 min ,3.800556261,1294.19,4.182,0.51,26.721,25.812,96.598,100, 2017.11.15 15:12:43 ,0.871, 2017.11.15 23:09:09 , Proton - PROTON vs PROTON,2510,2168.015,2162.247,1836,1836,1824,1824,170, 25ns_1836b_1824_1741_1094_128bpi_16i8b4e ,306705,  , 
6389, 2017.11.15 03:05:32 , 7 hr 03 min ,3.800556261,1301.15,4.205,0.513,24.135,20.405,84.549,92.664, 2017.11.15 04:35:18 ,0.952, 2017.11.15 11:38:06 , Proton - PROTON vs PROTON,2510,2166.077,2155.424,1836,1836,1824,1824,170, 25ns_1836b_1824_1741_1094_128bpi_16i8b4e , 306651 306652 306653 306654 306656 306657  ,  , 
6388, 2017.11.15 00:58:48 , 0 hr 16 min ,3.800556261,1309.85,4.233,0.518,1.161,0.488,41.991,59.283, 2017.11.15 02:45:08 ,0.936, 2017.11.15 03:00:51 , Proton - PROTON vs PROTON,2510,2160.8,2158.05,1836,1836,1824,1824,170, 25ns_1836b_1824_1741_1094_128bpi_16i8b4e , 306645 306646 306647  ,  , 
6387, 2017.11.14 23:23:38 , 0 hr 03 min ,3.800556261,1387.023,4.482,0.488,0.123,0.114,93.338,100, 2017.11.15 00:48:39 ,0.892, 2017.11.15 00:51:54 , Proton - PROTON vs PROTON,2510,2286.711,2289.781,1836,1836,1824,1824,170, 25ns_1836b_1824_1741_1094_128bpi_16i8b4e ,306636,  , 
6386, 2017.11.14 09:48:32 , 11 hr 32 min ,3.800556261,1403.135,4.534,0.489,36.592,35.069,95.836,99.123, 2017.11.14 11:45:17 ,0.967, 2017.11.14 23:17:15 , Proton - PROTON vs PROTON,2510,2297.256,2296.285,1836,1836,1823,1824,170, 25ns_1836b_1824_1741_1094_128bpi_16i8b4e , 306629 306630 306631  ,  , 
6385, 2017.11.13 05:34:13 , 25 hr 44 min ,3.800556261,1314.354,4.238,0.466,57.225,55.254,96.556,99.349, 2017.11.13 07:56:40 ,0.771, 2017.11.14 09:40:15 , Proton - PROTON vs PROTON,2510,2275.419,2276.11,1836,1836,1828,1824,170, 25ns_1836b_1824_1744_1096_128bpi_16i8b4e , 306580 306584 306595 306598 306604  ,  , 
6384, 2017.11.12 17:03:40 , 10 hr 39 min ,3.800556261,934.368,4.304,0.475,22.747,22.074,97.042,100, 2017.11.12 18:47:14 ,0.887, 2017.11.13 05:25:56 , Proton - PROTON vs PROTON,2510,1597.955,1600.976,1292,1292,1280,1280,170, 25ns_1292b_1280_1280_800_128bpi_13i8b4e ,306572,  , 
6382, 2017.11.12 13:24:42 , 0 hr 56 min ,3.800556261,910.221,4.193,0.482,2.602,2.495,95.889,100, 2017.11.12 15:15:51 ,1.009, 2017.11.12 16:12:03 , Proton - PROTON vs PROTON,2510,1578.453,1553.167,1292,1292,1280,1280,170, 25ns_1292b_1280_1280_800_128bpi_13i8b4e ,306563,  , 
6381, 2017.11.12 05:39:14 , 6 hr 02 min ,3.800556261,336.603,3.873,0.437,4.17,4.007,96.075,99.614, 2017.11.12 07:16:40 ,0.859, 2017.11.12 13:19:00 , Proton - PROTON vs PROTON,2510,639.335,642.657,524,524,512,512,170, 25ns_524b_512_512_320_64bpi_9i8b4e , 306553 306554  ,  , 
6380, 2017.11.11 17:50:55 , 10 hr 04 min ,3.800556261,5.028,1.346,0.299,0.105,0.098,93.183,95.906, 2017.11.11 19:30:06 ,0.832, 2017.11.12 05:33:54 , Proton - PROTON vs PROTON,2510,41.735,42.218,50,50,22,22,170, Multi_50b_22_22_22_4bpi_15inj , 306546 306547 306548 306549 306550  ,  , 
6371, 2017.11.09 11:02:34 , 23 hr 52 min ,3.800556261,15396.128,58.696,5.596,680.818,649.003,95.327,98.58, 2017.11.09 14:17:36 ,0.93, 2017.11.10 14:09:45 , Proton - PROTON vs PROTON,6499,2255.075,2264.946,1868,1868,1866,1866,150, 25ns_1868b_1866_1089_1749_128bpi_17i8b4e , 306454 306455 306456 306457 306458 306459 306460 306461 306462  ,  , 
6370, 2017.11.08 22:22:25 , 9 hr 28 min ,3.800556261,15313.062,58.379,5.594,374.447,298.614,79.748,88.607, 2017.11.09 01:27:21 ,0.882, 2017.11.09 10:55:39 , Proton - PROTON vs PROTON,6499,2263.66,2264.17,1868,1868,1866,1866,150, 25ns_1868b_1866_1089_1749_128bpi_17i8b4e , 306416 306417 306418 306419 306420 306421 306422 306423 306425 306432  ,  , 
6364, 2017.11.05 20:38:53 , 27 hr 24 min ,3.800556261,15365.547,58.579,5.354,743.788,691.161,92.924,94.747, 2017.11.06 02:34:58 ,0.846, 2017.11.07 05:59:10 , Proton - PROTON vs PROTON,6499,2305.318,2311.582,1868,1868,1866,1866,150, 25ns_1868b_1866_1089_1749_128bpi_17i8b4e , 306153 306154 306155 306168 306169 306170 306171  ,  , 
6362, 2017.11.04 15:23:00 , 23 hr 53 min ,3.800556261,15478.205,59.009,5.357,712.628,668.726,93.839,97.773, 2017.11.04 17:38:37 ,0.951, 2017.11.05 17:31:56 , Proton - PROTON vs PROTON,6499,2307.045,2311.905,1868,1868,1866,1866,150, 25ns_1868b_1866_1089_1749_128bpi_17i8b4e , 306134 306135 306137 306138 306139  ,  , 
6360, 2017.11.03 09:50:39 , 24 hr 15 min ,3.800556261,15977.36,60.912,5.693,703.033,668.653,95.11,99.209, 2017.11.03 13:14:46 ,0.872, 2017.11.04 13:29:18 , Proton - PROTON vs PROTON,6499,2280.96,2287.197,1868,1868,1866,1866,150, 25ns_1868b_1866_1089_1749_128bpi_17i8b4e , 306121 306122 306125 306126  ,  , 
6358, 2017.11.02 14:39:57 , 14 hr 07 min ,3.800556261,20453.848,77.978,7.144,555.801,510.907,91.923,97.526, 2017.11.02 16:16:32 ,0.83, 2017.11.03 06:24:02 , Proton - PROTON vs PROTON,6499,2313.817,2301.956,1868,1868,1866,1866,150, 25ns_1868b_1866_1089_1749_128bpi_17i8b4e , 306091 306092 306093 306094 306095 306096  ,  , 
6356, 2017.11.01 19:41:13 , 12 hr 05 min ,3.800556261,15288.994,58.287,5.525,486.663,437.246,89.846,95.536, 2017.11.01 22:42:36 ,0.881, 2017.11.02 10:47:13 , Proton - PROTON vs PROTON,6499,2260.943,2277.467,1868,1868,1866,1866,150, 25ns_1868b_1866_1089_1749_128bpi_17i8b4e , 306036 306037 306038 306040 306041 306042 306048 306049 306051  ,  , 
6355, 2017.11.01 16:57:17 , 0 hr 57 min ,3.800556261,15241.409,58.106,5.441,50.718,44.298,87.341,96.185, 2017.11.01 18:27:37 ,0.853, 2017.11.01 19:24:25 , Proton - PROTON vs PROTON,6499,2266.695,2291.575,1868,1868,1866,1866,150, 25ns_1868b_1866_1089_1749_128bpi_17i8b4e , 306029 306030  ,  , 
6351, 2017.10.31 12:44:42 , 0 hr 59 min ,3.800556261,15545.369,59.265,5.432,52.451,10.254,19.549,20.939, 2017.10.31 15:21:39 ,32.662, 2017.10.31 16:20:47 , Proton - PROTON vs PROTON,6499,2309.354,2306.901,1868,1868,1866,1866,150, 25ns_1868b_1866_1089_1749_128bpi_17i8b4e , 305965 305966 305967  ,  , 
6349, 2017.10.31 01:03:49 , 3 hr 04 min ,3.800556261,15308.935,58.363,5.433,162.265,154.582,95.265,100, 2017.10.31 04:25:47 ,0.912, 2017.10.31 07:29:29 , Proton - PROTON vs PROTON,6499,2289.88,2293.649,1868,1868,1866,1866,150, 25ns_1868b_1866_1089_1749_128bpi_17i8b4e ,305902,  , 
6348, 2017.10.30 15:40:14 , 4 hr 37 min ,3.800556261,15515.794,59.152,5.446,241.251,230.586,95.58,100, 2017.10.30 20:21:00 ,0.835, 2017.10.31 00:58:18 , Proton - PROTON vs PROTON,6499,2304.195,2310.878,1868,1868,1866,1866,150, 25ns_1868b_1866_1089_1749_128bpi_17i8b4e ,305898,  , 
6347, 2017.10.30 04:51:14 , 4 hr 04 min ,3.800556261,15302.388,58.338,5.402,212.95,202.087,94.899,100, 2017.10.30 11:27:27 ,0.888, 2017.10.30 15:31:28 , Proton - PROTON vs PROTON,6499,2279.943,2295.056,1868,1868,1866,1866,150, 25ns_1868b_1866_1089_1749_128bpi_17i8b4e ,305862,  , 
6346, 2017.10.29 06:05:44 , 17 hr 22 min ,3.800556261,15346.991,58.508,5.457,607.629,522.068,85.919,94.639, 2017.10.29 11:21:54 ,0.841, 2017.10.30 04:44:18 , Proton - PROTON vs PROTON,6499,2281.094,2284.827,1868,1868,1866,1866,150, 25ns_1868b_1866_1089_1749_128bpi_17i8b4e , 305832 305833 305839 305840 305841 305842  ,  , 
6344, 2017.10.28 18:14:01 , 5 hr 01 min ,3.800556261,15153.09,57.769,5.373,255.26,240.323,94.148,100, 2017.10.28 20:28:15 ,0.865, 2017.10.29 01:29:20 , Proton - PROTON vs PROTON,6499,2269.794,2286.347,1868,1868,1866,1866,150, 25ns_1868b_1866_1089_1749_128bpi_17i8b4e ,305821,  , 
6343, 2017.10.28 02:29:14 , 11 hr 52 min ,3.800556261,15383.618,58.648,5.565,471.777,449.136,95.201,100, 2017.10.28 06:16:02 ,0.836, 2017.10.28 18:07:40 , Proton - PROTON vs PROTON,6499,2264.698,2276.757,1868,1868,1866,1866,150, 25ns_1868b_1866_1089_1749_128bpi_17i8b4e ,305814,  , 
6341, 2017.10.27 20:32:43 , 0 hr 56 min ,3.800556261,15223.397,58.037,5.55,49.629,46.472,93.639,100, 2017.10.27 23:19:36 ,0.899, 2017.10.28 00:16:01 , Proton - PROTON vs PROTON,6499,2260.65,2269.501,1868,1868,1866,1866,150, 25ns_1868b_1866_1089_1749_128bpi_17i8b4e ,305809,  , 
6337, 2017.10.27 00:37:26 , 5 hr 34 min ,3.800556261,15507.679,59.121,5.672,279.24,265.243,94.988,100, 2017.10.27 04:36:35 ,0.83, 2017.10.27 10:10:39 , Proton - PROTON vs PROTON,6499,2237.212,2256.095,1868,1868,1866,1866,150, 25ns_1868b_1866_1089_1749_128bpi_17i8b4e ,305766,  , 
6336, 2017.10.26 17:09:28 , 4 hr 03 min ,3.800556261,1132.286,57.535,5.715,14.507,9.786,67.456,71.27, 2017.10.26 20:23:43 ,0.829, 2017.10.27 00:26:41 , Proton - PROTON vs PROTON,6499,164.775,163.533,140,140,140,140,150, Multi_525ns_140b_140_104_24_8bpi_19inj , 305745 305746 305747 305748 305749 305750 305751 305752 305753 305754 305755 305756 305757 305758  ,  , 
6325, 2017.10.25 10:02:16 , 15 hr 09 min ,3.800556261,15442.747,58.873,5.655,552.883,528.81,95.646,99.938, 2017.10.25 13:26:58 ,0.814, 2017.10.26 04:36:19 , Proton - PROTON vs PROTON,6499,2239.519,2254.784,1868,1868,1866,1866,150, 25ns_1868b_1866_1089_1749_128bpi_17i8b4e ,305636,  , 
6324, 2017.10.24 12:18:21 , 16 hr 10 min ,3.800556261,15915.971,60.678,5.594,591.185,539.725,91.295,96.798, 2017.10.24 17:45:49 ,0.87, 2017.10.25 09:56:09 , Proton - PROTON vs PROTON,6499,2300.745,2306.183,1868,1868,1866,1866,150, 25ns_1868b_1866_1089_1749_128bpi_17i8b4e , 305586 305588 305589 305590  ,  , 
6323, 2017.10.23 21:55:02 , 12 hr 30 min ,3.800556261,17299.588,65.952,5.29,501.889,449.301,89.522,95.75, 2017.10.23 23:41:43 ,1.083, 2017.10.24 12:11:27 , Proton - PROTON vs PROTON,6499,2268.347,2269.401,1868,1868,1866,1866,150, 25ns_1868b_1866_1089_1749_128bpi_17i8b4e , 305516 305517 305518  ,  , 
6318, 2017.10.23 07:27:33 , 2 hr 34 min ,3.800556261,15442.334,58.872,5.868,133.144,120.173,90.258,94.866, 2017.10.23 10:49:19 ,0.918, 2017.10.23 13:23:31 , Proton - PROTON vs PROTON,6499,2207.763,2223.058,1868,1868,1866,1866,150, 25ns_1868b_1866_1089_1749_128bpi_17i8b4e , 305440 305441  ,  , 
6317, 2017.10.22 15:58:04 , 13 hr 06 min ,3.800556261,15389.709,58.671,5.602,518.954,481.46,92.775,99.563, 2017.10.22 18:14:49 ,0.909, 2017.10.23 07:20:20 , Proton - PROTON vs PROTON,6499,2244.357,2261.246,1868,1868,1866,1866,150, 25ns_1868b_1866_1089_1749_128bpi_17i8b4e , 305405 305406  ,  , 
6315, 2017.10.21 21:49:43 , 10 hr 50 min ,3.800556261,15575.851,59.381,5.618,471.719,433.864,91.975,99.761, 2017.10.22 00:10:02 ,0.921, 2017.10.22 10:59:45 , Proton - PROTON vs PROTON,6499,2266.829,2281.031,1868,1868,1866,1866,150, 25ns_1868b_1866_1089_1749_128bpi_17i8b4e , 305376 305377  ,  , 
6314, 2017.10.21 03:26:06 , 16 hr 02 min ,3.800556261,15334.813,58.462,5.385,546.641,517.995,94.76,97.35, 2017.10.21 05:42:15 ,0.913, 2017.10.21 21:44:33 , Proton - PROTON vs PROTON,6499,2272.541,2303.894,1868,1868,1866,1866,150, 25ns_1868b_1866_1089_1749_128bpi_17i8b4e , 305364 305365 305366 305367  ,  , 
6313, 2017.10.20 23:38:24 , 1 hr 18 min ,3.800556261,16615.639,63.345,5.237,70.211,50.359,71.726,77.07, 2017.10.21 02:00:07 ,0.837, 2017.10.21 03:18:33 , Proton - PROTON vs PROTON,6499,2274.701,2288.895,1868,1868,1866,1866,150, 25ns_1868b_1866_1089_1749_128bpi_17i8b4e ,305358,  , 
6312, 2017.10.20 09:28:28 , 11 hr 23 min ,3.800556261,15468.197,58.971,5.691,472.817,439.815,93.02,97.408, 2017.10.20 12:10:18 ,0.83, 2017.10.20 23:33:08 , Proton - PROTON vs PROTON,6499,2248.398,2271.04,1868,1868,1866,1866,150, 25ns_1868b_1866_1089_1749_128bpi_17i8b4e , 305336 305338 305341 305349 305350 305351  ,  , 
6311, 2017.10.19 17:46:44 , 12 hr 55 min ,3.800556261,15433.963,58.84,5.472,525.553,492.039,93.623,97.99, 2017.10.19 20:26:44 ,0.908, 2017.10.20 09:21:52 , Proton - PROTON vs PROTON,6499,2277.048,2305.391,1868,1868,1866,1866,150, 25ns_1868b_1866_1089_1749_128bpi_17i8b4e , 305310 305311 305312 305313 305314  ,  , 
6309, 2017.10.19 12:51:31 , 0 hr 55 min ,3.800556261,15436.394,58.849,5.441,48.837,45.84,93.863,100, 2017.10.19 15:27:03 ,0.909, 2017.10.19 16:21:57 , Proton - PROTON vs PROTON,6499,2285.649,2309.065,1868,1868,1866,1866,150, 25ns_1868b_1866_1089_1749_128bpi_17i8b4e ,305282,  , 
6308, 2017.10.18 19:19:46 , 12 hr 46 min ,3.800556261,15467.725,58.969,5.477,521.903,489.039,93.703,98.23, 2017.10.18 23:57:37 ,0.807, 2017.10.19 12:43:59 , Proton - PROTON vs PROTON,6499,2289.851,2302.598,1868,1868,1866,1866,150, 25ns_1868b_1866_1089_1749_128bpi_17i8b4e , 305247 305248 305249 305250 305252  ,  , 
6307, 2017.10.18 08:46:47 , 8 hr 09 min ,3.800556261,15452.728,58.912,5.367,392.89,357.761,91.059,95.918, 2017.10.18 10:58:55 ,0.966, 2017.10.18 19:08:05 , Proton - PROTON vs PROTON,6499,2303.525,2324.321,1868,1868,1866,1866,150, 25ns_1868b_1866_1089_1749_128bpi_17i8b4e , 305234 305235 305236 305237  ,  , 
6306, 2017.10.17 21:25:33 , 9 hr 07 min ,3.800556261,15603.709,59.487,5.514,420.718,401.661,95.47,99.424, 2017.10.17 23:33:10 ,0.84, 2017.10.18 08:40:22 , Proton - PROTON vs PROTON,6499,2274.091,2323.479,1868,1868,1866,1866,150, 25ns_1868b_1866_1089_1749_128bpi_17i8b4e , 305207 305208  ,  , 
6305, 2017.10.17 05:43:22 , 13 hr 03 min ,3.800556261,15439.367,58.861,5.506,525.025,493.631,94.02,98.073, 2017.10.17 08:17:16 ,0.966, 2017.10.17 21:20:00 , Proton - PROTON vs PROTON,6499,2275.076,2296.356,1868,1868,1866,1866,150, 25ns_1868b_1866_1089_1749_128bpi_17i8b4e , 305202 305203 305204  ,  , 
6304, 2017.10.16 12:47:16 , 12 hr 20 min ,3.800556261,20190.762,76.975,5.346,494.546,422.544,85.441,93.924, 2017.10.16 17:18:45 ,0.814, 2017.10.17 05:38:34 , Proton - PROTON vs PROTON,6499,2257.794,2277.049,1868,1868,1866,1866,150, 25ns_1868b_1866_1089_1749_128bpi_17i8b4e , 305178 305179 305180 305181 305182 305183 305184 305185 305186 305187 305188  ,  , 
6303, 2017.10.15 20:34:05 , 13 hr 28 min ,3.800556261,15240.955,58.104,5.509,526.727,501.617,95.233,99.07, 2017.10.15 23:05:48 ,0.829, 2017.10.16 12:33:58 , Proton - PROTON vs PROTON,6499,2262.356,2284.824,1868,1868,1866,1866,150, 25ns_1868b_1866_1089_1749_128bpi_17i8b4e , 305112 305113 305114  ,  , 
6300, 2017.10.15 06:29:41 , 6 hr 52 min ,3.800556261,15415.604,58.77,5.428,335.447,315.246,93.978,99.393, 2017.10.15 09:04:01 ,0.863, 2017.10.15 15:56:00 , Proton - PROTON vs PROTON,6499,2290.254,2301.19,1868,1868,1866,1866,150, 25ns_1868b_1866_1089_1749_128bpi_17i8b4e ,305081,  , 
6298, 2017.10.14 09:32:30 , 17 hr 08 min ,3.800556261,17346.506,66.131,6.019,595.199,552.262,92.786,98.422, 2017.10.14 11:43:47 ,0.849, 2017.10.15 04:51:22 , Proton - PROTON vs PROTON,6499,2272.753,2279.893,1868,1868,1866,1866,150, 25ns_1868b_1866_1089_1749_128bpi_17i8b4e , 305059 305060 305061 305062 305063 305064  ,  , 
6297, 2017.10.13 15:22:44 , 13 hr 37 min ,3.800556261,15159.116,57.651,5.847,501.929,465.675,92.777,97.703, 2017.10.13 19:49:19 ,0.82, 2017.10.14 09:26:12 , Proton - PROTON vs PROTON,6499,2193.386,2208.73,1868,1868,1866,1866,150, 25ns_1868b_1866_1089_1749_128bpi_17i8b4e , 305040 305043 305044 305045 305046  ,  , 
6295, 2017.10.12 16:33:07 , 6 hr 30 min ,3.800556261,469.231687,0.029469,0.00245,6.306955,5.982474,94.855,95.474, 2017.10.12 20:21:25 ,0.814, 2017.10.13 02:51:01 , Ion - PB82 vs PB82,6499,2.482815,2.445267,16,16,8,8,150, Single_16Xe_8_16_8_1bpi_16inj_cor , 304899 304906 304907  ,  , 
6294, 2017.10.12 07:42:34 , 0 hr 02 min ,3.800556261,0,0,2.461018,0,0,0,100, 2017.10.12 16:23:15 , n/a , 2017.10.12 16:25:10 , Ion - PB82 vs PB82,6499,2.685049,2.621711,16,16,8,8,170, Single_20Xe_8_16_8_1bpi_20inj ,304880,  , 
6291, 2017.10.11 04:34:39 , 18 hr 59 min ,3.800556261,15474.935,58.996,5.915,587.583,564.75,96.114,100, 2017.10.11 07:03:12 ,0.859, 2017.10.12 02:01:48 , Proton - PROTON vs PROTON,6499,2191.567,2207.492,1868,1868,1866,1866,150, 25ns_1868b_1866_1089_1749_128bpi_17i8b4e ,304797,  , 
6288, 2017.10.10 09:26:35 , 12 hr 06 min ,3.800556261,15092.791,57.539,5.812,463.678,437.509,94.356,98.421, 2017.10.10 12:07:16 ,0.826, 2017.10.11 00:13:41 , Proton - PROTON vs PROTON,6499,2179.684,2220.595,1868,1868,1866,1866,150, 25ns_1868b_1866_1089_1749_128bpi_17i8b4e , 304776 304777 304778  ,  , 
6287, 2017.10.09 15:28:42 , 13 hr 23 min ,3.800556261,18486.588,70.478,6.979,501.975,477.964,95.217,99.114, 2017.10.09 19:52:06 ,0.903, 2017.10.10 09:15:35 , Proton - PROTON vs PROTON,6499,2211.211,2221.014,1868,1868,1866,1866,150, 25ns_1868b_1866_1089_1749_128bpi_17i8b4e , 304737 304738 304739 304740  ,  , 
6285, 2017.10.08 22:38:02 , 7 hr 53 min ,3.800556261,15531.598,59.212,5.795,342.321,322.71,94.271,98.819, 2017.10.09 00:42:01 ,0.883, 2017.10.09 08:34:55 , Proton - PROTON vs PROTON,6499,2152.642,2203.046,1868,1868,1866,1866,150, 25ns_1868b_1866_1089_1749_128bpi_17i8b4e , 304671 304672  ,  , 
6284, 2017.10.08 13:33:01 , 6 hr 41 min ,3.800556261,15161.557,57.801,5.838,300.146,276.786,92.217,96.938, 2017.10.08 15:48:39 ,0.825, 2017.10.08 22:29:16 , Proton - PROTON vs PROTON,6499,2186.086,2207.512,1868,1868,1866,1866,150, 25ns_1868b_1866_1089_1749_128bpi_17i8b4e , 304661 304662 304663  ,  , 
6283, 2017.10.08 00:02:03 , 12 hr 02 min ,3.800556261,15402.843,58.721,5.849,450.768,406.58,90.197,99.419, 2017.10.08 01:24:17 ,0.97, 2017.10.08 13:26:39 , Proton - PROTON vs PROTON,6499,2202.92,2214.693,1868,1868,1866,1866,150, 25ns_1868b_1866_1089_1749_128bpi_17i8b4e , 304654 304655  ,  , 
6279, 2017.10.07 04:32:32 , 3 hr 07 min ,3.800556261,15746.813,60.033,6.149,161.1,139.232,86.426,97.803, 2017.10.07 07:34:46 ,0.857, 2017.10.07 10:42:07 , Proton - PROTON vs PROTON,6499,2167.64,2196.833,1868,1868,1866,1866,150, 25ns_1868b_1866_1089_1749_128bpi_17i8b4e , 304625 304626  ,  , 
6278, 2017.10.06 19:28:04 , 6 hr 11 min ,3.800556261,15499.933,59.092,6.502,272.193,256.689,94.304,100, 2017.10.06 22:14:09 ,0.973, 2017.10.07 04:25:12 , Proton - PROTON vs PROTON,6499,2085.363,2115.252,1868,1868,1866,1866,150, 25ns_1868b_1866_1089_1749_128bpi_17i8b4e ,304616,  , 
6276, 2017.10.06 07:50:15 , 5 hr 11 min ,3.800556261,16642.43,63.447,6.844,237.84,223.843,94.115,96.901, 2017.10.06 12:29:26 ,0.924, 2017.10.06 17:40:18 , Proton - PROTON vs PROTON,6499,2122.204,2133.994,1868,1868,1866,1866,150, 25ns_1868b_1866_1089_1749_128bpi_17i8b4e ,304562,  , 
6275, 2017.10.05 17:12:23 , 12 hr 52 min ,3.800556261,15543.549,59.258,6.452,468.66,429.289,91.599,98.646, 2017.10.05 18:52:10 ,0.811, 2017.10.06 07:44:04 , Proton - PROTON vs PROTON,6499,2117.263,2124.694,1868,1868,1866,1866,150, 25ns_1868b_1866_1089_1749_128bpi_17i8b4e , 304505 304506 304507 304508  ,  , 
6272, 2017.10.04 21:21:18 , 12 hr 01 min ,3.800556261,17342.057,67.674,7.116,437.662,402.278,91.915,96.609, 2017.10.05 00:45:51 ,0.846, 2017.10.05 12:46:57 , Proton - PROTON vs PROTON,6499,2106.622,2125.971,1836,1836,1824,1824,150, 25ns_1836b_1824_1052_1688_96bpi_20i8b4e , 304446 304447 304448 304449 304451 304452  ,  , 
6271, 2017.10.04 06:23:34 , 11 hr 54 min ,3.800556261,15274.229,59.605,6.295,441.14,423.93,96.099,99.925, 2017.10.04 09:19:11 ,1.044, 2017.10.04 21:13:17 , Proton - PROTON vs PROTON,6499,2100.182,2117.341,1836,1836,1824,1824,150, 25ns_1836b_1824_1052_1688_96bpi_20i8b4e ,304366,  , 
6269, 2017.10.03 22:13:04 , 1 hr 25 min ,3.800556261,15014.876,58.592,6.377,73.362,68.951,93.988,100, 2017.10.04 03:16:40 ,1.008, 2017.10.04 04:41:15 , Proton - PROTON vs PROTON,6499,2076.212,2085.741,1836,1836,1824,1824,150, 25ns_1836b_1824_1052_1688_96bpi_20i8b4e ,304354,  , 
6268, 2017.10.03 09:13:51 , 10 hr 19 min ,3.800556261,16957.287,66.172,7.285,386.644,370.115,95.725,100, 2017.10.03 11:48:19 ,0.864, 2017.10.03 22:06:50 , Proton - PROTON vs PROTON,6499,2058.541,2072.506,1836,1836,1824,1824,150, 25ns_1836b_1824_1052_1688_96bpi_20i8b4e ,304333,  , 
6266, 2017.10.02 14:51:19 , 11 hr 56 min ,3.800556261,15385.029,60.037,6.696,389.824,362.848,93.08,99.383, 2017.10.02 17:39:08 ,0.864, 2017.10.03 05:35:28 , Proton - PROTON vs PROTON,6499,2028.819,2078.444,1836,1836,1824,1824,150, 25ns_1836b_1824_1052_1688_96bpi_20i8b4e , 304291 304292  ,  , 
6263, 2017.10.02 03:22:06 , 2 hr 47 min ,3.800556261,15228.256,56.778,6.035,133.97,123.294,92.031,100, 2017.10.02 05:32:34 ,0.917, 2017.10.02 08:19:27 , Proton - PROTON vs PROTON,6499,2187.146,2206.453,1916,1916,1909,1909,150, 25ns_1916b_1909_1042_1560_112bpi_20i8b4e ,304209,  , 
6262, 2017.10.01 21:07:52 , 3 hr 36 min ,3.800556261,15139.498,56.447,6.038,164.119,153.933,93.794,100, 2017.10.01 23:40:15 ,0.909, 2017.10.02 03:16:24 , Proton - PROTON vs PROTON,6499,2174.78,2208.858,1916,1916,1909,1909,0, 25ns_1916b_1909_1042_1560_112bpi_20i8b4e ,304204,  , 
6261, 2017.10.01 15:30:11 , 3 hr 15 min ,3.800556261,14787.965,55.136,5.889,150.708,101.332,67.237,88.948, 2017.10.01 17:45:37 ,0.871, 2017.10.01 21:00:54 , Proton - PROTON vs PROTON,6499,2178.803,2205.333,1916,1916,1909,1909,150, 25ns_1916b_1909_1042_1560_112bpi_20i8b4e , 304196 304197 304198 304199 304200  ,  , 
6259, 2017.09.30 19:46:43 , 15 hr 02 min ,3.800556261,13216.043,49.275,6.034,435.79,419.006,96.149,99.647, 2017.09.30 22:10:44 ,0.927, 2017.10.01 13:12:44 , Proton - PROTON vs PROTON,6499,2037.468,2062.222,1916,1916,1909,1909,150, 25ns_1916b_1909_1042_1560_112bpi_20i8b4e , 304169 304170  ,  ,
6258, 2017.09.30 03:03:35 , 13 hr 57 min ,3.800556261,13351.403,49.78,6.039,390.332,377.246,96.647,100, 2017.09.30 05:42:53 ,0.901, 2017.09.30 19:39:25 , Proton - PROTON vs PROTON,6499,2047.344,2068.111,1916,1916,1909,1909,150, 25ns_1916b_1909_1042_1560_112bpi_20i8b4e ,304158,  ,
6255, 2017.09.29 03:41:14 , 17 hr 32 min ,3.800556261,15611.837,58.208,5.302,563.49,539.965,95.825,99.946, 2017.09.29 05:26:46 ,0.852, 2017.09.29 22:58:45 , Proton - PROTON vs PROTON,6499,2346.278,2402.115,1916,1916,1909,1909,150, 25ns_1916b_1909_1042_1560_112bpi_20i8b4e ,304144,  ,
6253, 2017.09.28 09:29:20 , 13 hr 43 min ,3.800556261,14834.047,55.308,5.587,457.127,436.325,95.449,99.071, 2017.09.28 12:27:42 ,0.852, 2017.09.29 02:10:47 , Proton - PROTON vs PROTON,6499,2240.982,2264.491,1916,1916,1909,1909,150, 25ns_1916b_1909_1042_1560_112bpi_20i8b4e , 304119 304120 304125  ,  ,
6252, 2017.09.27 19:07:41 , 12 hr 45 min ,3.800556261,13063.739,48.708,5.694,399.206,386.007,96.694,99.893, 2017.09.27 20:36:10 ,0.901, 2017.09.28 09:21:36 , Proton - PROTON vs PROTON,6499,2111.952,2074.417,1916,1916,1909,1909,150, 25ns_1916b_1909_1042_1560_112bpi_20i8b4e ,304062,  ,
6247, 2017.09.27 04:01:14 , 7 hr 01 min ,3.800556261,14612.989,54.484,5.834,285.285,266.361,93.367,97.714, 2017.09.27 07:03:42 ,0.87, 2017.09.27 14:05:11 , Proton - PROTON vs PROTON,6499,2163.867,2210.848,1916,1916,1909,1909,150, 25ns_1916b_1909_1042_1560_112bpi_20i8b4e , 303998 303999 304000  ,  ,
6245, 2017.09.26 09:39:42 , 12 hr 16 min ,3.800556261,14617.274,54.5,5.748,420.569,397.419,94.495,99.728, 2017.09.26 12:46:25 ,0.826, 2017.09.27 01:02:24 , Proton - PROTON vs PROTON,6499,2192.404,2218.307,1916,1916,1909,1909,150, 25ns_1916b_1909_1042_1560_112bpi_20i8b4e , 303948 303989  ,  ,
6243, 2017.09.25 16:49:44 , 12 hr 57 min ,3.800280965,14390.062,53.653,5.85,432.487,415.792,96.14,99.923, 2017.09.25 19:08:11 ,0.825, 2017.09.26 08:05:38 , Proton - PROTON vs PROTON,6499,2153.728,2177.848,1916,1916,1909,1909,150, 25ns_1916b_1909_1042_1560_112bpi_20i8b4e ,303885,  ,
6241, 2017.09.24 23:23:16 , 12 hr 57 min ,3.800005669,14186.463,52.894,6.045,416.454,402.085,96.55,99.936, 2017.09.25 01:47:18 ,0.815, 2017.09.25 14:44:08 , Proton - PROTON vs PROTON,6499,2098.634,2128.821,1916,1916,1909,1909,150, 25ns_1916b_1909_1042_1560_112bpi_20i8b4e ,303838,  ,
6240, 2017.09.24 08:55:48 , 12 hr 06 min ,3.800005669,11842.142,44.153,5.922,344.772,334.435,97.002,100, 2017.09.24 11:11:06 ,0.898, 2017.09.24 23:17:27 , Proton - PROTON vs PROTON,6499,1945.434,1967.787,1916,1916,1909,1909,150, 25ns_1916b_1909_1042_1560_112bpi_20i8b4e ,303832,  ,
6239, 2017.09.24 00:43:47 , 5 hr 54 min ,3.800005669,9257.832,48.93,0,149.592,126.371,84.477,88.428, 2017.09.24 02:55:48 ,0.848, 2017.09.24 08:50:06 , Proton - PROTON vs PROTON,6499,-0.004,0.009,1358,1358,0,1346,170, 25ns_1358b_1346_816_1311_112bpi_15i8b4e , 303824 303825  ,  ,
6238, 2017.09.23 17:22:07 , 5 hr 46 min ,3.800005669,4316.92,45.564,0,15.959,15.303,95.886,97.901, 2017.09.23 18:51:57 ,0.802, 2017.09.24 00:38:08 , Proton - PROTON vs PROTON,6499,-0.004,0.009,686,686,0,674,170, 25ns_686b_674_407_653_112bpi_11i8b4e , 303817 303818 303819  ,  ,
6236, 2017.09.23 09:54:21 , 3 hr 27 min ,3.800005669,316.989,44.216,0,3.451,2.884,83.581,88.355, 2017.09.23 12:21:00 ,0.99, 2017.09.23 15:47:31 , Proton - PROTON vs PROTON,6499,-0.004,0.009,51,51,0,51,170, 25ns_51b_51_32_36_12bpi_7inj , 303790 303793 303794 303795  ,  ,
6230, 2017.09.22 15:33:14 , 2 hr 05 min ,3.800005669,7.092,50.451,0,0.025,0.024,98.264,96.55, 2017.09.22 18:02:33 , n/a , 2017.09.22 20:07:41 , Proton - PROTON vs PROTON,6499,-0.004,0.009,11,11,0,1,170, 2nominals_10pilots_lossmaps_coll_allIPs , 303719 303728 303729  ,  ,
6194, 2017.09.13 03:43:26 , 6 hr 15 min ,3.800563987,1750.528,59.019,3.398,16.309,15.559,95.402,54.214, 2017.09.13 07:08:30 ,1.029, 2017.09.13 13:23:41 , Proton - PROTON vs PROTON,6499,296.595,299.827,224,224,210,211,150, 25ns_224b_211_0_0_56bpi_9inj_HIPU , 302674 302676 302677 302678  ,  ,
6193, 2017.09.12 19:49:21 , 5 hr 17 min ,3.800563987,10668.636,39.777,5.126,164.197,147.234,89.669,92.754, 2017.09.12 22:19:29 ,1.045, 2017.09.13 03:36:53 , Proton - PROTON vs PROTON,6499,1971.008,2013.839,1916,1916,1909,1909,150, 25ns_1916b_1909_1042_1560_112bpi_20i8b4e , 302660 302661 302662 302663  ,  ,
6192, 2017.09.12 13:48:41 , 3 hr 19 min ,3.800563987,10781.684,40.199,5.08,111.049,96.048,86.492,90.35, 2017.09.12 16:22:06 ,0.963, 2017.09.12 19:41:14 , Proton - PROTON vs PROTON,6499,1998.385,2025.928,1916,1916,1908,1909,150, 25ns_1916b_1909_1042_1560_112bpi_20i8b4e , 302646 302649 302650 302651 302654  ,  ,
6191, 2017.09.11 22:56:14 , 12 hr 21 min ,3.800563987,10923.111,0,5.177,330.306,317.253,96.048,99.015, 2017.09.12 01:20:49 ,1.077, 2017.09.12 13:42:16 , Proton - PROTON vs PROTON,6499,1990.521,2019.766,1916,1916,1908,1909,150, 25ns_1916b_1909_1042_1560_112bpi_20i8b4e , 302634 302635  ,  ,
6189, 2017.09.11 00:17:42 , 13 hr 05 min ,3.800563987,10409.305,38.811,4.749,339.016,327.896,96.72,99.087, 2017.09.11 03:27:40 ,0.931, 2017.09.11 16:32:48 , Proton - PROTON vs PROTON,6499,2047.068,2045.14,1916,1916,1909,1909,150, 25ns_1916b_1909_1042_1560_112bpi_20i8b4e , 302596 302597  ,  ,
6186, 2017.09.10 04:40:30 , 11 hr 55 min ,3.800563987,10401.657,38.782,5.029,316.019,289.744,91.686,94.773, 2017.09.10 07:11:10 ,0.896, 2017.09.10 19:06:02 , Proton - PROTON vs PROTON,6499,1965.593,2002.059,1916,1916,1909,1909,150, 25ns_1916b_1909_1042_1560_112bpi_20i8b4e , 302563 302564 302565 302566 302567 302569 302570 302571 302572 302573  ,  ,
6185, 2017.09.09 23:11:25 , 2 hr 32 min ,3.800563987,10361.131,38.631,4.941,83.287,57.105,68.565,70.93, 2017.09.10 01:58:00 ,0.86, 2017.09.10 04:29:49 , Proton - PROTON vs PROTON,6499,1982.581,2019.699,1916,1916,1908,1909,150, 25ns_1916b_1909_1042_1560_112bpi_20i8b4e , 302548 302549 302550 302551 302552 302553 302554 302555  ,  ,
6182, 2017.09.09 04:57:44 , 9 hr 26 min ,3.800563987,10650.372,39.709,4.917,269.647,248.726,92.241,95.436, 2017.09.09 07:20:39 ,0.917, 2017.09.09 16:47:05 , Proton - PROTON vs PROTON,6499,2032.697,2034.336,1916,1916,1909,1909,150, 25ns_1916b_1909_1042_1560_112bpi_20i8b4e , 302522 302523 302524 302525 302526  ,  ,
6180, 2017.09.08 23:30:48 , 0 hr 22 min ,3.800563987,12344.956,46.028,4.864,13.787,12.697,92.089,93.184, 2017.09.09 02:17:41 ,0.86, 2017.09.09 02:39:12 , Proton - PROTON vs PROTON,6499,2185.169,2217.394,1916,1916,1908,1909,150, 25ns_1916b_1909_1042_1560_112bpi_20i8b4e ,302513,  ,
6179, 2017.09.08 20:07:44 , 0 hr 24 min ,3.800563987,11763.064,43.858,4.595,14.799,13.779,93.105,93.753, 2017.09.08 22:56:05 ,0.941, 2017.09.08 23:20:05 , Proton - PROTON vs PROTON,6499,2196.352,2224.325,1916,1916,1909,1909,150, 25ns_1916b_1909_1042_1560_112bpi_20i8b4e ,302509,  ,
6177, 2017.09.08 03:35:40 , 12 hr 12 min ,3.800563987,11121.289,41.465,4.825,340.891,310.71,91.146,94.337, 2017.09.08 06:03:36 ,1.165, 2017.09.08 18:15:29 , Proton - PROTON vs PROTON,6499,2076.936,2108.425,1916,1916,1908,1909,0, 25ns_1916b_1909_1042_1560_112bpi_20i8b4e , 302484 302485 302486 302487 302488 302489 302490 302491 302492 302493 302494  ,  ,
6176, 2017.09.07 23:10:14 , 2 hr 02 min ,3.800563987,11351.426,42.323,4.089,74.485,70.622,94.815,98.774, 2017.09.08 01:18:26 ,1.01, 2017.09.08 03:20:45 , Proton - PROTON vs PROTON,6499,2108.395,2139.888,1916,1916,1908,1909,150, 25ns_1916b_1909_1042_1560_112bpi_20i8b4e ,302479,  ,
6175, 2017.09.07 09:15:53 , 11 hr 39 min ,3.800563987,10855.46,40.474,4.936,322.434,298.308,92.517,96.402, 2017.09.07 11:25:53 ,0.938, 2017.09.07 23:05:21 , Proton - PROTON vs PROTON,6499,2036.864,2059.321,1916,1916,1908,1909,150, 25ns_1916b_1909_1042_1560_112bpi_20i8b4e , 302472 302473 302474 302475 302476  ,  ,
6174, 2017.09.06 18:27:24 , 12 hr 23 min ,3.800563987,10413.18,38.825,4.924,324.153,315.621,97.368,99.608, 2017.09.06 20:47:45 ,0.896, 2017.09.07 09:10:59 , Proton - PROTON vs PROTON,6499,1998.743,2016.201,1916,1916,1909,1909,150, 25ns_1916b_1909_1042_1560_112bpi_20i8b4e ,302448,  ,
6171, 2017.09.05 23:24:03 , 8 hr 10 min ,3.800563987,10958.413,40.858,4.776,248.604,237.918,95.702,98.087, 2017.09.06 01:56:18 ,0.975, 2017.09.06 10:05:54 , Proton - PROTON vs PROTON,6499,2061.265,2115.245,1916,1916,1909,1909,150, 25ns_1916b_1909_1042_1560_112bpi_20i8b4e , 302392 302393  ,  ,
6170, 2017.09.05 16:05:33 , 4 hr 32 min ,3.800563987,9891.873,40.559,4.7,136.243,130.936,96.104,98.344, 2017.09.05 18:45:45 ,0.959, 2017.09.05 23:17:29 , Proton - PROTON vs PROTON,6499,1904.725,1921.535,1748,1748,1736,1736,150, 25ns_1748b_1736_1034_1656_112bpi_17i8b4e ,302388,  ,
6169, 2017.09.05 06:27:13 , 6 hr 44 min ,3.800563987,8285.198,37.613,4.832,159.624,134.828,84.466,92.079, 2017.09.05 09:15:43 ,0.988, 2017.09.05 15:59:56 , Proton - PROTON vs PROTON,6499,1626.607,1655.671,1580,1580,1568,1568,150, 25ns_1580b_1568_948_1524_112bpi_17i8b4e , 302337 302342 302343 302344 302349 302350  ,  ,
6168, 2017.09.04 23:20:14 , 4 hr 34 min ,3.800563987,7388.598,39.137,4.727,101.31,97.867,96.601,98.929, 2017.09.05 01:48:04 ,0.906, 2017.09.05 06:21:57 , Proton - PROTON vs PROTON,6499,1440.417,1462.472,1356,1356,1344,1344,150, 25ns_1356b_1344_813_1308_112bpi_13i8b4e ,302328,  ,
6167, 2017.09.04 13:44:33 , 5 hr 30 min ,3.800563987,6295.147,40.021,4.727,102.821,99.674,96.94,99.148, 2017.09.04 17:42:04 ,0.923, 2017.09.04 23:12:29 , Proton - PROTON vs PROTON,6499,1219.029,1234.813,1132,1132,1120,1120,150, 25ns_1132b_1120_677_1088_112bpi_13i8b4e ,302322,  ,
6165, 2017.09.03 20:44:53 , 10 hr 25 min ,3.800563987,7336.478,45.344,5.43,189.922,178.378,93.921,96.04, 2017.09.03 22:43:53 ,0.971, 2017.09.04 09:08:26 , Proton - PROTON vs PROTON,6499,1248.144,1264.85,1164,1164,1151,1152,150, 25ns_1164b_1152_1047_1092_96bpi_13inj , 302277 302278 302279 302280  ,  ,
6161, 2017.09.02 17:16:44 , 10 hr 60 min ,3.800563987,9137.772,42.293,5.25,253.085,244.472,96.597,98.873, 2017.09.03 03:30:38 ,1.015, 2017.09.03 14:30:10 , Proton - PROTON vs PROTON,6499,1632.524,1652.519,1550,1550,1537,1538,150, 25ns_1550b_1538_1396_1456_96bpi_19inj , 302262 302263  ,  ,
6160, 2017.09.02 08:22:55 , 6 hr 23 min ,3.800563987,8147.033,43.155,5.278,146.838,140.685,95.81,98.268, 2017.09.02 10:46:14 ,0.865, 2017.09.02 17:09:16 , Proton - PROTON vs PROTON,6499,1434.545,1459.06,1356,1356,1343,1344,150, 25ns_1356b_1344_1221_1272_96bpi_17inj , 302239 302240  ,  ,
6159, 2017.09.02 00:41:20 , 4 hr 35 min ,3.800563987,8224.99,43.568,5.311,112.624,107.863,95.773,98.116, 2017.09.02 03:28:00 ,0.902, 2017.09.02 08:03:07 , Proton - PROTON vs PROTON,6499,1438.108,1462.376,1356,1356,1343,1344,150, 25ns_1356b_1344_1221_1272_96bpi_17inj , 302228 302229  ,  ,
6158, 2017.09.01 15:56:05 , 5 hr 44 min ,3.800563987,6927.463,42.816,0,109.437,106.582,97.391,99.008, 2017.09.01 18:38:03 ,0.934, 2017.09.02 00:22:30 , Proton - PROTON vs PROTON,6499,1267.752,1283.405,1164,1164,1152,1152,150, 25ns_1164b_1152_1047_1092_96bpi_13inj ,302225,  ,
6156, 2017.09.01 01:26:07 , 8 hr 36 min ,3.800563987,7372.441,45.566,4.628,166.529,157.545,94.605,96.927, 2017.09.01 03:32:10 ,0.991, 2017.09.01 12:08:28 , Proton - PROTON vs PROTON,6499,1279.182,1302.24,1164,1164,1152,1152,150, 25ns_1164b_1152_1047_1092_96bpi_13inj , 302163 302165 302166  ,  ,
6155, 2017.08.31 22:50:14 , 0 hr 43 min ,3.800563987,7580.228,46.85,5.264,17.622,16.517,93.732,96.444, 2017.09.01 00:36:41 ,0.931, 2017.09.01 01:19:48 , Proton - PROTON vs PROTON,6499,1284.557,1306.212,1164,1164,1151,1152,150, 25ns_1164b_1152_1047_1092_96bpi_13inj ,302159,  ,
6152, 2017.08.31 09:34:55 , 6 hr 14 min ,3.800563987,7104.723,43.912,5.15,122.304,118.023,96.5,97.754, 2017.08.31 12:17:17 ,1.019, 2017.08.31 18:31:19 , Proton - PROTON vs PROTON,6499,1258.515,1282.77,1164,1164,1151,1152,150, 25ns_1164b_1152_1047_1092_96bpi_13inj , 302131 302132  ,  ,
6147, 2017.08.30 04:09:21 , 14 hr 31 min ,3.800563987,9521.026,44.067,5.194,314.156,269.407,85.756,90.083, 2017.08.30 06:47:42 ,1.037, 2017.08.30 21:18:14 , Proton - PROTON vs PROTON,6499,1667.926,1700.148,1550,1550,1537,1538,150, 25ns_1550b_1538_1396_1456_96bpi_19inj , 302026 302027 302029 302030 302031 302032 302033 302034 302036 302037 302038 302040 302041 302042 302043 302044  ,  ,
6146, 2017.08.30 01:20:04 , 0 hr 22 min ,3.800563987,9242.566,42.778,5.001,10.377,9.61,92.612,93.552, 2017.08.30 03:39:51 ,0.954, 2017.08.30 04:01:33 , Proton - PROTON vs PROTON,6499,1670.886,1713.673,1550,1550,1537,1538,150, 25ns_1550b_1538_1396_1456_96bpi_19inj ,302019,  ,
6143, 2017.08.29 04:29:26 , 13 hr 47 min ,3.800563987,9266.279,42.888,5.054,297.807,287.894,96.671,99.004, 2017.08.29 06:54:00 ,0.947, 2017.08.29 20:40:54 , Proton - PROTON vs PROTON,6499,1667.896,1704.167,1550,1550,1537,1538,150, 25ns_1550b_1538_1396_1456_96bpi_19inj , 301997 301998  ,  ,
6142, 2017.08.28 11:42:54 , 14 hr 12 min ,3.800563987,9646.295,44.647,5.295,309.282,296.826,95.972,98.237, 2017.08.28 14:12:02 ,0.917, 2017.08.29 04:23:51 , Proton - PROTON vs PROTON,6499,1664.218,1694.574,1550,1550,1537,1538,150, 25ns_1550b_1538_1396_1456_96bpi_19inj , 301984 301985 301986 301987  ,  ,
6141, 2017.08.28 08:00:57 , 1 hr 07 min ,3.800563987,9175.993,42.47,5.079,33.279,30.59,91.918,94.256, 2017.08.28 10:21:37 ,0.994, 2017.08.28 11:28:22 , Proton - PROTON vs PROTON,6499,1660.139,1683.993,1550,1550,1538,1538,150, 25ns_1550b_1538_1396_1456_96bpi_19inj , 301969 301970  ,  ,
6140, 2017.08.27 15:40:49 , 13 hr 30 min ,3.800563987,9865.425,45.721,5.211,304.196,294.694,96.876,99.158, 2017.08.27 18:22:15 ,0.923, 2017.08.28 07:52:01 , Proton - PROTON vs PROTON,6499,1698.805,1723.638,1548,1548,1535,1536,150, 25ns_1548b_1536_1396_1456_96bpi_17inj , 301959 301960  ,  ,
6138, 2017.08.27 07:21:22 , 3 hr 30 min ,3.800563987,7312.777,45.197,5.169,78.452,75.839,96.67,99.358, 2017.08.27 09:30:53 ,1.003, 2017.08.27 13:01:06 , Proton - PROTON vs PROTON,6499,1272.318,1297.682,1164,1164,1151,1152,150, 25ns_1164b_1152_1047_1092_96bpi_13inj ,301941,  ,
6136, 2017.08.26 11:35:10 , 5 hr 11 min ,3.800563987,6024.713,44.094,5.118,92.034,87.298,94.854,97.253, 2017.08.26 13:55:43 ,1.046, 2017.08.26 19:06:21 , Proton - PROTON vs PROTON,6499,1068.578,1087.568,985,985,973,973,150, 25ns_985b_973_872_908_96bpi_15inj , 301912 301913 301914  ,  ,
6123, 2017.08.23 23:56:11 , 0 hr 27 min ,3.800563987,14148.747,45.606,5.101,20.314,18.465,90.897,94.857, 2017.08.24 04:22:12 ,1.095, 2017.08.24 04:49:26 , Proton - PROTON vs PROTON,6499,2436.815,2517.431,2220,2220,2208,2208,150, 25ns_2220b_2208_1949_2036_96bpi_24inj ,301694,  ,
6119, 2017.08.23 10:46:56 , 5 hr 54 min ,3.800563987,8741.899,38.129,4.865,142.361,135.768,95.369,98.105, 2017.08.23 12:22:58 ,1.006, 2017.08.23 18:17:24 , Proton - PROTON vs PROTON,6499,1726.234,1757.68,1740,1740,1727,1728,150, 25ns_1740b_1728_1570_1636_96bpi_21inj , 301664 301665  ,  ,
6116, 2017.08.22 13:22:25 , 5 hr 46 min ,3.800563987,9216.158,37.963,5.587,136.219,133.359,97.901,99.609, 2017.08.22 23:20:44 ,0.928, 2017.08.23 05:06:23 , Proton - PROTON vs PROTON,6499,1687.123,1702.917,1740,1740,1727,1728,150, 25ns_1740b_1728_1570_1636_96bpi_21inj ,301627,  ,
6114, 2017.08.22 07:11:42 , 2 hr 21 min ,3.800563987,9081.152,37.407,5.294,67.858,64.461,94.994,97.998, 2017.08.22 08:45:33 ,1.056, 2017.08.22 11:06:17 , Proton - PROTON vs PROTON,6499,1723.151,1734.097,1740,1740,1728,1728,150, 25ns_1740b_1728_1570_1636_96bpi_21inj ,301567,  ,
6110, 2017.08.21 10:42:47 , 12 hr 14 min ,3.800563987,8774.008,36.142,5.666,254.928,221.073,86.72,90.56, 2017.08.21 13:12:24 ,0.993, 2017.08.22 01:26:18 , Proton - PROTON vs PROTON,6499,1639.743,1641.504,1740,1740,1728,1728,150, 25ns_1740b_1728_1570_1636_96bpi_21inj , 301519 301521 301524 301525 301526 301528 301529 301530 301531 301532  ,  ,
6106, 2017.08.20 02:50:13 , 12 hr 50 min ,3.800563987,9348.879,38.51,4.399,295.029,269.245,91.26,94.451, 2017.08.20 14:10:45 ,1.25, 2017.08.21 03:01:10 , Proton - PROTON vs PROTON,6499,1806.178,1832.511,1740,1740,1727,1728,150, 25ns_1740b_1728_1570_1636_96bpi_21inj , 301472 301473 301474 301475 301476 301480  ,  ,
6105, 2017.08.19 20:50:11 , 3 hr 37 min ,3.800563987,9670.756,39.836,5.152,107.24,99.816,93.077,98.685, 2017.08.19 22:59:27 ,1.059, 2017.08.20 02:36:10 , Proton - PROTON vs PROTON,6499,1793.647,1819.733,1740,1740,1727,1728,150, 25ns_1740b_1728_1570_1636_96bpi_21inj ,301461,  ,
6104, 2017.08.19 09:04:22 , 9 hr 33 min ,3.800563987,8903.421,41.262,5.075,214.886,200.429,93.272,96.077, 2017.08.19 11:11:09 ,1.135, 2017.08.19 20:44:19 , Proton - PROTON vs PROTON,6499,1634.104,1657.669,1548,1548,1535,1536,150, 25ns_1548b_1536_1396_1456_96bpi_17inj , 301447 301448 301449 301450  ,  ,
6098, 2017.08.18 10:25:21 , 2 hr 11 min ,3.800563987,10742.571,39.824,5.022,74.58,70.323,94.292,97.88, 2017.08.18 12:40:17 ,1.127, 2017.08.18 14:50:48 , Proton - PROTON vs PROTON,6499,2017.368,2040.1,1932,1932,1919,1920,150, 25ns_1932b_1920_1745_1820_96bpi_21inj ,301417,  ,
6097, 2017.08.17 18:57:48 , 12 hr 37 min ,3.800563987,9968.79,41.064,4.974,296.122,263.031,88.825,93.359, 2017.08.17 21:42:26 ,1.07, 2017.08.18 10:19:05 , Proton - PROTON vs PROTON,6499,1849.037,1883.478,1740,1740,1727,1728,150, 25ns_1740b_1728_1570_1636_96bpi_21inj , 301391 301392 301393 301394 301395 301396 301397 301398 301399  ,  ,
6096, 2017.08.17 14:17:16 , 3 hr 13 min ,3.800563987,10327.474,42.541,5.132,102.822,96.341,93.698,96.814, 2017.08.17 15:36:19 ,1.044, 2017.08.17 18:48:49 , Proton - PROTON vs PROTON,6499,1853.413,1884.758,1740,1740,1728,1728,0, 25ns_1740b_1728_1570_1636_96bpi_21inj , 301383 301384  ,  ,
6094, 2017.08.17 07:47:18 , 1 hr 53 min ,3.800563987,10322.753,42.522,5.009,62.674,58.799,93.817,97.574, 2017.08.17 11:06:01 ,1.017, 2017.08.17 12:58:42 , Proton - PROTON vs PROTON,6499,1873.086,1913.204,1740,1740,1728,1728,150, 25ns_1740b_1728_1570_1636_96bpi_21inj ,301359,  ,
6093, 2017.08.17 03:12:31 , 2 hr 11 min ,3.800563987,10207.006,42.045,5.036,70.246,66.046,94.021,97.856, 2017.08.17 05:30:07 ,1.087, 2017.08.17 07:40:41 , Proton - PROTON vs PROTON,6499,1837.777,1918.768,1740,1740,1727,1728,150, 25ns_1740b_1728_1570_1636_96bpi_21inj ,301330,  ,
6091, 2017.08.16 15:20:02 , 6 hr 15 min ,3.800563987,10019.682,41.273,5.09,178.087,168.463,94.596,98.712, 2017.08.16 18:20:05 ,1.078, 2017.08.17 00:35:25 , Proton - PROTON vs PROTON,6499,1826.284,1870.855,1740,1740,1728,1728,150, 25ns_1740b_1728_1570_1636_96bpi_21inj ,301323,  ,
6090, 2017.08.16 05:50:49 , 5 hr 59 min ,3.800563987,9616.683,44.568,5.116,165.804,158.238,95.437,99.248, 2017.08.16 09:09:55 ,1.046, 2017.08.16 15:08:57 , Proton - PROTON vs PROTON,6499,1687.112,1718.17,1548,1548,1535,1536,150, 25ns_1548b_1536_1396_1456_96bpi_17inj ,301298,  ,
6089, 2017.08.15 20:45:26 , 6 hr 39 min ,3.800563987,7920.813,41.963,5.04,149.44,141.184,94.475,97.458, 2017.08.15 23:06:21 ,1.114, 2017.08.16 05:45:00 , Proton - PROTON vs PROTON,6499,1436.411,1486.033,1356,1356,1343,1344,150, 25ns_1356b_1344_1221_1272_96bpi_17inj , 301281 301283  ,  ,
6086, 2017.08.15 06:38:01 , 2 hr 48 min ,3.800563987,8253.812,43.721,5.027,71.778,63.875,88.99,92.983, 2017.08.15 07:56:51 ,1.064, 2017.08.15 10:44:32 , Proton - PROTON vs PROTON,6499,1476.884,1504.067,1356,1356,1344,1344,150, 25ns_1356b_1344_1221_1272_96bpi_17inj , 301179 301180 301183  ,  ,
6084, 2017.08.14 20:15:22 , 6 hr 01 min ,3.800563987,7167.694,44.301,5.063,123.133,115.681,93.948,96.945, 2017.08.14 21:36:55 ,1.099, 2017.08.15 03:37:32 , Proton - PROTON vs PROTON,6499,1269.862,1297.258,1164,1164,1152,1152,150, 25ns_1164b_1152_1047_1092_96bpi_13inj , 301161 301165  ,  ,
6082, 2017.08.14 09:37:41 , 6 hr 02 min ,3.800563987,6193.45,45.329,5.156,104.957,99.141,94.458,97.568, 2017.08.14 12:09:19 ,1.089, 2017.08.14 18:11:14 , Proton - PROTON vs PROTON,6499,1080.884,1093.631,985,985,972,973,150, 25ns_985b_973_872_908_96bpi_15inj , 301141 301142  ,  ,
6079, 2017.08.13 23:33:25 , 2 hr 59 min ,3.800563987,3523.777,42.56,5.148,22.92,19.941,87.002,79.838, 2017.08.14 01:32:42 ,1.108, 2017.08.14 04:31:16 , Proton - PROTON vs PROTON,6499,640.992,651.673,601,601,589,589,150, 25ns_601b_589_523_544_96bpi_11inj_v3 , 301086 301087 301088  ,  ,
6072, 2017.08.11 22:09:40 , 0 hr 31 min ,3.800563987,3234.184,39.062,4.791,5.806,4.481,77.178,80.942, 2017.08.12 01:31:33 ,1.016, 2017.08.12 02:02:25 , Proton - PROTON vs PROTON,6499,638.32,644.061,601,601,589,589,150, 25ns_601b_589_523_544_96bpi_11inj_v2 ,301046,  ,
6061, 2017.08.09 19:11:13 , 9 hr 24 min ,3.800563987,17412.453,46.132,4.649,427.108,362.752,84.932,93.851, 2017.08.09 21:45:09 ,0.979, 2017.08.10 07:09:29 , Proton - PROTON vs PROTON,6499,3040.595,3144.473,2556,2556,2542,2544,150, 25ns_2556b_2544_2215_2332_144bpi_20inj , 300806 300811 300812 300816 300817  ,  ,
6060, 2017.08.09 01:27:20 , 14 hr 20 min ,3.800563987,15002.364,41.968,4.462,496.653,440.196,88.633,95.465, 2017.08.09 04:46:27 ,1.041, 2017.08.09 19:06:07 , Proton - PROTON vs PROTON,6499,2902.056,2971.67,2556,2556,2543,2544,150, 25ns_2556b_2544_2215_2332_144bpi_20inj , 300777 300780 300781 300785  ,  ,
6057, 2017.08.08 14:12:53 , 2 hr 02 min ,3.800563987,16094.222,45.023,4.504,105.106,89.513,85.164,97.233, 2017.08.08 16:59:22 ,3.842, 2017.08.08 19:01:02 , Proton - PROTON vs PROTON,6499,2981.265,3056.498,2556,2556,2543,2544,150, 25ns_2556b_2544_2215_2332_144bpi_20inj ,300742,  ,
6055, 2017.08.08 07:43:33 , 0 hr 58 min ,3.800547425,15152.687,42.389,4.608,48.053,26.723,55.611,61.444, 2017.08.08 10:44:12 ,0.995, 2017.08.08 11:42:07 , Proton - PROTON vs PROTON,6499,2855.12,2937.393,2556,2556,2544,2544,150, 25ns_2556b_2544_2215_2332_144bpi_20inj , 300673 300674 300675 300676  ,  ,
6054, 2017.08.07 12:15:57 , 16 hr 05 min ,3.800541215,15464.855,43.262,4.544,561.306,492.029,87.658,95.38, 2017.08.07 15:32:30 ,1.024, 2017.08.08 07:37:26 , Proton - PROTON vs PROTON,6499,2887.396,3005.997,2556,2556,2543,2544,150, 25ns_2556b_2544_2215_2332_144bpi_20inj , 300631 300632 300633 300635 300636  ,  ,
6053, 2017.08.07 00:15:23 , 9 hr 05 min ,3.800541215,14671.815,41.043,4.386,353.799,310.592,87.788,95.358, 2017.08.07 02:49:47 ,1.142, 2017.08.07 11:55:11 , Proton - PROTON vs PROTON,6499,2897.83,2950.821,2556,2556,2543,2544,150, 25ns_2556b_2544_2215_2332_144bpi_20inj , 300574 300575 300576  ,  ,
6052, 2017.08.06 05:32:09 , 17 hr 08 min ,3.800541215,15858.664,44.364,4.797,486.921,394.498,81.019,91.145, 2017.08.06 07:00:43 ,1.163, 2017.08.07 00:08:44 , Proton - PROTON vs PROTON,6499,2858.505,2948.205,2556,2556,2543,2544,150, 25ns_2556b_2544_2215_2332_144bpi_20inj , 300538 300539 300545 300548 300551 300552 300558 300560 300561  ,  ,
6050, 2017.08.05 09:09:05 , 15 hr 52 min ,3.800541215,16263.648,45.497,4.782,523.394,465.553,88.949,87.16, 2017.08.05 11:59:47 ,1.274, 2017.08.06 03:51:51 , Proton - PROTON vs PROTON,6499,2912.61,2971.894,2556,2556,2543,2544,150, 25ns_2556b_2544_2215_2332_144bpi_20inj , 300514 300515 300516 300517  ,  ,
6048, 2017.08.05 05:04:58 , 1 hr 15 min ,3.800541215,16717.352,46.766,4.9,67.379,41.25,61.221,78.96, 2017.08.05 07:31:12 ,1.093, 2017.08.05 08:46:09 , Proton - PROTON vs PROTON,6499,2915.435,2984.226,2556,2556,2543,2544,150, 25ns_2556b_2544_2215_2332_144bpi_20inj , 300497 300498 300499 300500  ,  ,
6046, 2017.08.04 08:24:27 , 14 hr 05 min ,3.800541215,15341.445,42.917,4.665,487.797,423.106,86.738,94.106, 2017.08.04 12:15:11 ,1.215, 2017.08.05 02:20:38 , Proton - PROTON vs PROTON,6499,2872.655,2920.328,2556,2556,2543,2544,150, 25ns_2556b_2544_2215_2332_144bpi_20inj , 300459 300461 300462 300463 300464 300466 300467  ,  ,
6044, 2017.08.03 16:56:43 , 11 hr 32 min ,3.800541215,15506.279,43.378,3.741,440.301,351.224,79.769,89.053, 2017.08.03 18:45:37 ,0.99, 2017.08.04 06:17:35 , Proton - PROTON vs PROTON,6499,2912.007,2959.376,2556,2556,2543,2544,150, 25ns_2556b_2544_2215_2332_144bpi_20inj , 300389 300390 300391 300392 300393 300394 300395 300396 300397 300398 300399 300400 300401  ,  ,
6041, 2017.08.03 09:37:12 , 2 hr 23 min ,3.800541215,14494.731,40.548,4.581,110.519,60.687,54.911,61.823, 2017.08.03 12:11:26 ,0.968, 2017.08.03 14:34:40 , Proton - PROTON vs PROTON,6499,2801.237,2871.989,2556,2556,2543,2544,150, 25ns_2556b_2544_2215_2332_144bpi_20inj , 300364 300365 300366 300367 300368 300369 300370 300371 300372 300373 300374 300375  ,  ,
6035, 2017.08.02 02:26:07 , 10 hr 44 min ,3.800541215,15909.836,44.507,4.774,423.139,353.565,83.558,92.016, 2017.08.02 04:44:06 ,3.436, 2017.08.02 15:27:39 , Proton - PROTON vs PROTON,6499,2873.24,2952.024,2556,2556,2544,2544,150, 25ns_2556b_2544_2215_2332_144bpi_20inj , 300280 300281 300282 300283 300284  ,  ,
6031, 2017.07.31 19:47:37 , 14 hr 27 min ,3.800541215,16291.052,45.573,4.863,522.253,450.956,86.348,92.624, 2017.07.31 22:06:51 ,1.131, 2017.08.01 12:33:25 , Proton - PROTON vs PROTON,6499,2873.631,2968.016,2556,2556,2543,2544,150, 25ns_2556b_2544_2215_2332_144bpi_20inj , 300233 300234 300235 300236 300237 300238 300239 300240 300241  ,  ,
6030, 2017.07.31 14:30:24 , 2 hr 39 min ,3.800541215,16148.129,45.173,4.765,135.598,119.244,87.94,98.365, 2017.07.31 17:01:55 ,0.881, 2017.07.31 19:40:57 , Proton - PROTON vs PROTON,6499,2905.535,2970.087,2556,2556,2544,2544,150, 25ns_2556b_2544_2215_2332_144bpi_20inj ,300226,  ,
6026, 2017.07.30 16:19:49 , 15 hr 37 min ,3.800541215,14730.627,41.208,4.632,523.113,472.043,90.237,97.737, 2017.07.30 18:48:12 ,1.074, 2017.07.31 10:25:01 , Proton - PROTON vs PROTON,6499,2800.694,2890.234,2556,2556,2544,2544,150, 25ns_2556b_2544_2215_2332_144bpi_20inj , 300155 300156 300157  ,  ,
6024, 2017.07.29 19:48:33 , 16 hr 04 min ,3.800541215,15083.869,42.196,4.754,535.15,484.057,90.453,97.235, 2017.07.29 21:41:30 ,3.838, 2017.07.30 13:45:52 , Proton - PROTON vs PROTON,6499,2809.459,2876.253,2556,2556,2544,2544,150, 25ns_2556b_2544_2215_2332_144bpi_20inj , 300122 300123 300124  ,  ,
6021, 2017.07.29 13:24:18 , 0 hr 14 min ,3.800541215,15478.663,43.301,4.797,10.769,7.159,66.478,82.428, 2017.07.29 16:44:37 ,0.985, 2017.07.29 16:58:45 , Proton - PROTON vs PROTON,6499,2835.405,2901.954,2556,2556,2543,2544,150, 25ns_2556b_2544_2215_2332_144bpi_20inj ,300117,  ,
6020, 2017.07.29 09:53:04 , 1 hr 05 min ,3.800541215,15561.853,43.533,4.789,54.78,35.22,64.294,82.905, 2017.07.29 12:11:22 ,1.041, 2017.07.29 13:16:18 , Proton - PROTON vs PROTON,6499,2845.03,2903.513,2556,2556,2544,2544,150, 25ns_2556b_2544_2215_2332_144bpi_20inj , 300104 300105 300106 300107  ,  ,
6019, 2017.07.29 00:15:04 , 3 hr 24 min ,3.800541215,3594.067,43.262,4.982,14.872,13.962,93.884,95.808, 2017.07.29 06:22:09 ,1.031, 2017.07.29 09:46:07 , Proton - PROTON vs PROTON,6499,663.379,673.107,603,603,591,591,150, 25ns_603b_591_526_552_144bpi_9inj , 300087 300088  ,  ,
6018, 2017.07.28 22:36:51 , 0 hr 11 min ,3.800541215,3912.165,47.091,4.938,2.05,1.722,83.984,76.933, 2017.07.28 23:52:45 ,0.899, 2017.07.29 00:03:57 , Proton - PROTON vs PROTON,6499,691.565,702.4,603,603,590,591,150, 25ns_603b_591_526_552_144bpi_9inj ,300079,  ,
6016, 2017.07.28 01:41:38 , 16 hr 15 min ,3.800541215,2.853,0.634,0.11,0.122,0.116,95.169,96.644, 2017.07.28 03:52:57 ,0.897, 2017.07.28 20:07:53 , Proton - PROTON vs PROTON,6499,45.555,45.736,52,52,32,32,0, Multi_52b_52b_32_12_8_4bpi_13inj , 300015 300016 300017 300018 300019 300027 300029 300043 300049 300050  ,  ,
6015, 2017.07.27 23:18:58 , 0 hr 08 min ,3.800541215,2.818,0.626,0.111,0.001,0.001,64.477,70.486, 2017.07.28 01:23:23 ,0.956, 2017.07.28 01:31:48 , Proton - PROTON vs PROTON,6499,45.607,45.826,52,52,31,32,0, Multi_52b_52b_32_12_8_4bpi_13inj ,300007,  ,
6012, 2017.07.27 10:51:24 , 8 hr 07 min ,3.800541215,2.12,0.603,0.112,0.055,0.054,98.631,99.466, 2017.07.27 12:17:31 ,0.963, 2017.07.27 20:24:48 , Proton - PROTON vs PROTON,6499,48.567,47.497,57,56,24,25,0, Multi_57b_56b_25_20_24_4bpi_15inj ,299996,  ,
5984, 2017.07.23 22:57:22 , 2 hr 15 min ,3.800541215,16858.98,47.162,4.734,111.63,92.097,82.502,78.43, 2017.07.24 01:53:19 ,0.87, 2017.07.24 04:08:41 , Proton - PROTON vs PROTON,6499,2994.722,3035.537,2556,2556,2544,2544,150, 25ns_2556b_2544_2215_2332_144bpi_20inj , 299649 299650  ,  ,
5980, 2017.07.22 08:34:30 , 6 hr 39 min ,3.800541215,8056.297,45.092,5.363,153.734,145.037,94.343,96.731, 2017.07.22 11:39:42 ,1.018, 2017.07.22 18:18:20 , Proton - PROTON vs PROTON,6499,1377.276,1375.909,1284,1284,1271,1272,150, 50ns_1284b_1272_527_652_72bpi_20inj , 299614 299616 299617  ,  ,
5979, 2017.07.21 13:41:25 , 15 hr 26 min ,3.800541215,15146.412,42.371,4.873,460.866,411.969,89.39,95.365, 2017.07.21 17:03:38 ,1.112, 2017.07.22 08:29:54 , Proton - PROTON vs PROTON,6499,2786.99,2839.733,2556,2556,2544,2544,150, 25ns_2556b_2544_2215_2332_144bpi_20inj , 299592 299593 299594 299595 299597 299598  ,  ,
5976, 2017.07.20 08:58:53 , 15 hr 22 min ,3.800541215,14886.951,41.645,4.77,518.668,459.065,88.508,95.346, 2017.07.20 12:41:19 ,1.04, 2017.07.21 04:03:44 , Proton - PROTON vs PROTON,6499,2787.337,2844.819,2556,2556,2543,2544,150, 25ns_2556b_2544_2215_2332_144bpi_20inj , 299477 299478 299479 299480 299481  ,  ,
5974, 2017.07.20 03:09:44 , 0 hr 20 min ,3.800541215,14309.253,40.029,5.243,14.988,13.038,86.987,83.815, 2017.07.20 04:36:05 ,0.925, 2017.07.20 04:56:29 , Proton - PROTON vs PROTON,6499,2626.721,2647.064,2556,2556,2544,2544,150, 25ns_2556b_2544_2215_2332_144bpi_20inj ,299450,  ,
5971, 2017.07.19 21:17:12 , 0 hr 49 min ,3.800541215,16627.932,46.516,4.613,44.497,36.391,81.784,94.995, 2017.07.19 23:52:04 ,0.898, 2017.07.20 00:40:42 , Proton - PROTON vs PROTON,6499,2996.523,3059.688,2556,2556,2544,2544,150, 25ns_2556b_2544_2215_2332_144bpi_20inj ,299443,  ,
5966, 2017.07.19 09:41:27 , 0 hr 21 min ,3.800541215,14438.871,40.392,4.541,17.399,13.661,78.519,88.805, 2017.07.19 12:02:26 ,0.935, 2017.07.19 12:23:16 , Proton - PROTON vs PROTON,6499,2799.067,2893.267,2556,2556,2543,2544,150, 25ns_2556b_2544_2215_2332_144bpi_20inj ,299420,  ,
5965, 2017.07.19 05:05:57 , 2 hr 03 min ,3.800541215,14786.687,41.365,4.432,99.173,64.094,64.628,90.918, 2017.07.19 07:23:25 ,0.985, 2017.07.19 09:26:44 , Proton - PROTON vs PROTON,6499,2881.545,2945.644,2556,2556,2543,2544,150, 25ns_2556b_2544_2215_2332_144bpi_20inj , 299393 299394 299395 299396  ,  ,
5963, 2017.07.19 00:19:22 , 1 hr 45 min ,3.800541215,14956.771,41.841,4.729,85.622,68.731,80.273,86.901, 2017.07.19 02:33:17 ,1.188, 2017.07.19 04:18:23 , Proton - PROTON vs PROTON,6499,2799.172,2872.779,2556,2556,2544,2544,150, 25ns_2556b_2544_2215_2332_144bpi_20inj , 299380 299381  ,  ,
5962, 2017.07.18 13:21:09 , 8 hr 06 min ,3.800541215,14626.002,42.521,4.537,330.149,271.024,82.091,90.757, 2017.07.18 16:07:51 ,1.132, 2017.07.19 00:13:28 , Proton - PROTON vs PROTON,6499,2777.555,2844.559,2460,2460,2447,2448,150, 25ns_2460b_2448_2052_2154_144bpi_19inj , 299368 299369 299370  ,  ,
5960, 2017.07.18 02:26:22 , 4 hr 40 min ,3.800541215,12934.529,39.937,4.54,186.859,141.916,75.948,82.928, 2017.07.18 04:51:46 ,1.004, 2017.07.18 09:32:09 , Proton - PROTON vs PROTON,6499,2542.611,2592.559,2317,2317,2304,2305,150, 25ns_2317b_2305_1962_2058_144bpi_20inj , 299316 299317 299318 299322 299324 299325 299326 299327 299329  ,  ,
5958, 2017.07.16 09:37:00 , 5 hr 49 min ,3.798884154,12974.889,40.062,4.596,226.573,185.117,81.703,89.552, 2017.07.16 12:23:43 ,1.015, 2017.07.16 18:12:55 , Proton - PROTON vs PROTON,6499,2525.535,2583.824,2317,2317,2305,2305,150, 25ns_2317b_2305_1962_2058_144bpi_20inj , 299178 299180 299183 299184 299185  ,  ,
5954, 2017.07.15 23:15:33 , 2 hr 53 min ,3.798884154,13710.853,42.334,4.71,125.203,111.991,89.447,98.352, 2017.07.16 01:39:33 ,0.973, 2017.07.16 04:32:30 , Proton - PROTON vs PROTON,6499,2562.316,2629.205,2317,2317,2305,2305,150, 25ns_2317b_2305_1962_2058_144bpi_20inj ,299149,  ,
5952, 2017.07.15 13:01:59 , 1 hr 18 min ,3.798884154,13483.705,41.633,4.781,56.831,24.981,43.956,48.656, 2017.07.15 14:46:50 ,1.106, 2017.07.15 16:04:42 , Proton - PROTON vs PROTON,6499,2525.752,2579.155,2317,2317,2305,2305,150, 25ns_2317b_2305_1962_2058_144bpi_20inj ,299096,  ,
5950, 2017.07.14 23:24:09 , 10 hr 14 min ,3.798884154,12153.669,40.028,4.575,334.154,276.141,82.639,92.569, 2017.07.15 00:59:28 ,0.957, 2017.07.15 11:13:22 , Proton - PROTON vs PROTON,6499,2369.989,2424.721,2173,2173,2161,2161,150, 25ns_2173b_2161_1872_1962_144bpi_17inj , 299061 299062 299064 299065 299067  ,  ,
5946, 2017.07.14 15:09:03 , 0 hr 11 min ,3.798884154,8043.07,42.541,4.813,4.933,2.434,49.338,75.566, 2017.07.14 20:10:20 ,1.087, 2017.07.14 20:20:59 , Proton - PROTON vs PROTON,6499,1493.998,1516.601,1357,1357,1344,1345,150, 25ns_1357b_1345_1226_1280_144bpi_14inj ,299042,  ,
5942, 2017.07.14 05:49:15 , 2 hr 17 min ,3.798884154,7433.627,39.317,4.583,54.59,37.958,69.533,86.584, 2017.07.14 07:35:11 ,0.908, 2017.07.14 09:52:20 , Proton - PROTON vs PROTON,6499,1469.79,1493.497,1357,1357,1344,1345,150, 25ns_1357b_1345_1226_1280_144bpi_14inj , 298996 298997 298998 299000  ,  ,
5934, 2017.07.12 00:39:28 , 4 hr 40 min ,3.798884154,3551.828,42.899,4.679,26.598,25.096,94.351,95.99, 2017.07.12 03:19:14 ,1.04, 2017.07.12 07:58:58 , Proton - PROTON vs PROTON,6499,673.447,680.824,601,601,589,589,150, 25ns_601b_589_523_544_96bpi_11inj_v2 , 298853 298854 298855  ,  ,
5930, 2017.07.11 06:16:38 , 2 hr 42 min ,3.798884154,303.777,42.373,4.207,2.663,2.518,94.556,97.237, 2017.07.11 08:54:47 ,1.012, 2017.07.11 11:36:25 , Proton - PROTON vs PROTON,6499,59.98,60.645,51,51,51,51,150, 25ns_51b_51_32_36_12bpi_7inj ,298809,  ,
5920, 2017.07.09 19:16:36 , 3 hr 02 min ,3.798884154,1.145,8.146,3.423,0.011,0.006,61.737,61.53, 2017.07.09 23:41:59 ,13.097, 2017.07.10 02:43:33 , Proton - PROTON vs PROTON,6499,1.125,1.418,2,2,1,1,150, 2nominals_10pilots_lossmaps_coll_allIPs , 298673 298674 298678 298679 298681  ,  ,
5919, 2017.07.09 16:44:34 , 0 hr 11 min ,3.798884154,2.387,16.982,4.462,0.001,0.001,74.159,76.673, 2017.07.09 18:54:43 ,1.108, 2017.07.09 19:05:35 , Proton - PROTON vs PROTON,6499,1.419,1.426,2,2,1,1,150, 2nominals_10pilots_lossmaps_coll_allIPs ,298653,  ,
5887, 2017.06.29 17:51:42 , 3 hr 60 min ,3.799177749,15112.567,42.276,4.476,189.539,154.994,81.774,85.186, 2017.06.29 20:29:05 ,0.854, 2017.06.30 00:28:57 , Proton - PROTON vs PROTON,6499,2895.608,2971.752,2556,2556,2544,2544,150, 25ns_2556b_2544_2215_2332_144bpi_20inj , 297722 297723  ,  ,
5885, 2017.06.29 13:19:16 , 0 hr 17 min ,3.799177749,13869.178,38.798,4.564,12.27,0.069,0.566,0.906, 2017.06.29 15:48:59 ,3.498, 2017.06.29 16:06:29 , Proton - PROTON vs PROTON,6499,2740.555,2838.307,2556,2556,2544,2544,150, 25ns_2556b_2544_2215_2332_144bpi_20inj , 297713 297714 297715  ,  ,
5883, 2017.06.29 03:36:21 , 5 hr 46 min ,3.799177749,14429.812,40.367,4.516,253.32,202.888,80.091,83.327, 2017.06.29 06:05:18 ,0.792, 2017.06.29 11:51:41 , Proton - PROTON vs PROTON,6499,2821.59,2885.229,2556,2556,2544,2544,150, 25ns_2556b_2544_2215_2332_144bpi_20inj , 297670 297671 297672 297673 297674 297675 297678  ,  ,
5882, 2017.06.28 15:50:45 , 10 hr 02 min ,3.799177749,15283.151,42.754,4.831,390.334,289.019,74.044,82.517, 2017.06.28 17:27:56 ,0.8, 2017.06.29 03:29:45 , Proton - PROTON vs PROTON,6499,2823.23,2851.105,2556,2556,2544,2544,150, 25ns_2556b_2544_2215_2332_144bpi_20inj , 297656 297657 297658 297659 297660 297661 297662 297663 297664 297665 297666  ,  ,
5880, 2017.06.28 08:12:52 , 1 hr 52 min ,3.799177749,14351.323,40.147,4.784,87.912,81.85,93.105,98.103, 2017.06.28 10:08:27 ,0.843, 2017.06.28 12:00:55 , Proton - PROTON vs PROTON,6499,2751.312,2771.579,2556,2556,2544,2544,150, 25ns_2556b_2544_2215_2332_144bpi_20inj ,297620,  ,
5878, 2017.06.27 11:45:08 , 12 hr 42 min ,3.799177749,13499.907,39.247,4.66,435.853,397.585,91.22,95.091, 2017.06.27 14:58:33 ,0.911, 2017.06.28 03:40:06 , Proton - PROTON vs PROTON,6499,2654.327,2669.227,2460,2460,2448,2448,150, 25ns_2460b_2448_2052_2154_144bpi_19inj , 297598 297599 297603 297604 297605 297606  ,  ,
5876, 2017.06.26 22:03:37 , 10 hr 46 min ,3.799177749,14764.658,42.924,5.061,399.72,346.771,86.754,90.113, 2017.06.26 23:19:29 ,0.849, 2017.06.27 10:05:56 , Proton - PROTON vs PROTON,6499,2657.585,2691.212,2460,2460,2448,2448,150, 25ns_2460b_2448_2052_2154_144bpi_19inj , 297557 297558 297559 297560 297562 297563  ,  ,
5873, 2017.06.25 22:10:09 , 10 hr 23 min ,3.799177749,14393.094,41.843,2.831,390.383,312.641,80.086,89.717, 2017.06.26 00:16:31 ,0.818, 2017.06.26 10:39:32 , Proton - PROTON vs PROTON,6499,2661.868,2712.038,2460,2460,2448,2448,150, 25ns_2460b_2448_2052_2154_144bpi_19inj , 297494 297495 297496 297497 297498 297499 297500 297501 297502 297503 297504 297505  ,  ,
5872, 2017.06.25 03:26:23 , 16 hr 28 min ,3.799177749,14007.199,40.722,4.991,518.893,481.895,92.87,96.435, 2017.06.25 05:35:34 ,0.869, 2017.06.25 22:03:50 , Proton - PROTON vs PROTON,6499,2609.45,2639.87,2460,2460,2448,2448,150, 25ns_2460b_2448_2052_2154_144bpi_19inj , 297483 297484 297485 297486 297487 297488  ,  ,
5870, 2017.06.24 23:22:09 , 0 hr 11 min ,3.799177749,15082.19,43.847,4.836,8.596,6.273,72.975,79.773, 2017.06.25 00:48:02 ,0.85, 2017.06.25 00:58:34 , Proton - PROTON vs PROTON,6499,2733.399,2792.023,2460,2460,2448,2448,150, 25ns_2460b_2448_2052_2154_144bpi_19inj ,297474,  ,
5868, 2017.06.24 17:52:21 , 1 hr 51 min ,3.799177749,14844.053,43.154,4.649,89.472,73.64,82.305,87.24, 2017.06.24 19:38:22 ,0.88, 2017.06.24 21:29:16 , Proton - PROTON vs PROTON,6499,2777.721,2815.311,2460,2460,2448,2448,150, 25ns_2460b_2448_2052_2154_144bpi_19inj , 297467 297468 297469  ,  ,
5865, 2017.06.23 19:44:55 , 9 hr 41 min ,3.799177749,13322.506,41.135,4.538,347.049,301.777,86.955,90.568, 2017.06.24 00:41:15 ,0.889, 2017.06.24 10:22:25 , Proton - PROTON vs PROTON,6499,2571.98,2628.701,2317,2317,2305,2305,150, 25ns_2317b_2305_1962_2058_144bpi_20inj , 297424 297425 297426 297427 297428 297429 297430 297431 297432 297433 297434 297435  ,  ,
5864, 2017.06.23 09:25:18 , 6 hr 04 min ,3.799177749,11991.435,37.025,4.67,214.129,202.02,94.345,97.946, 2017.06.23 13:34:16 ,1.015, 2017.06.23 19:37:47 , Proton - PROTON vs PROTON,6499,2418.203,2438.273,2317,2317,2305,2305,150, 25ns_2317b_2305_1962_2058_144bpi_20inj ,297411,  ,
5862, 2017.06.23 01:04:45 , 0 hr 59 min ,3.799177749,14043.347,43.361,4.652,44.229,40.993,92.684,96.357, 2017.06.23 03:22:53 ,0.926, 2017.06.23 04:21:27 , Proton - PROTON vs PROTON,6499,2594.544,2649.947,2317,2317,2305,2305,150, 25ns_2317b_2305_1962_2058_144bpi_20inj ,297359,  ,
5856, 2017.06.21 21:12:42 , 12 hr 42 min ,3.799177749,13977.658,46.035,4.544,427.429,348.309,81.489,88.303, 2017.06.22 00:26:39 ,0.859, 2017.06.22 13:08:24 , Proton - PROTON vs PROTON,6500,2556.262,2599.826,2173,2173,2161,2161,150, 25ns_2173b_2161_1872_1962_144bpi_17inj , 297281 297282 297283 297284 297285 297286 297287 297288 297289 297290 297291 297292 297293 297296 297308 297316  ,  ,
5849, 2017.06.20 10:10:39 , 22 hr 03 min ,3.799177749,4223.234,14.903,1.598,519.711,491.922,94.653,95.91, 2017.06.20 13:28:21 ,0.844, 2017.06.21 11:31:01 , Proton - PROTON vs PROTON,6499,2293.939,2335.137,2029,2029,2017,2017,150, 25ns_2029b_2017_1776_1860_144bpi_17inj , 297211 297215 297218 297219 297224 297225 297227 297228 297229  ,  ,
5848, 2017.06.19 15:42:05 , 16 hr 10 min ,3.799177749,10900.166,44.874,4.723,380.669,339.585,89.207,92.823, 2017.06.19 17:53:42 ,0.894, 2017.06.20 10:03:15 , Proton - PROTON vs PROTON,6499,1989.739,2011.03,1741,1741,1729,1729,150, 25ns_1741b_1729_1572_1644_144bpi_14inj , 297168 297169 297170 297171 297172 297173 297174 297175 297176 297177 297178 297179 297180 297181 297182  ,  ,
5845, 2017.06.18 09:54:21 , 2 hr 44 min ,3.799177749,10792.089,44.429,4.57,93.102,83.08,89.236,95.537, 2017.06.18 12:40:18 ,1.024, 2017.06.18 15:23:52 , Proton - PROTON vs PROTON,6499,2001.657,2045.108,1741,1741,1729,1729,150, 25ns_1741b_1729_1572_1644_144bpi_14inj , 297113 297114  ,  ,
5842, 2017.06.17 17:16:07 , 9 hr 59 min ,3.799177749,9688.896,44.526,4.599,254.129,240.661,94.7,98.398, 2017.06.17 19:20:54 ,0.803, 2017.06.18 05:20:15 , Proton - PROTON vs PROTON,6500,1801.142,1823.756,1561,1561,1549,1549,150, 25ns_1561b_1549_1397_1460_144bpi_15inj , 297099 297100 297101  ,  ,
5840, 2017.06.17 02:11:02 , 7 hr 13 min ,3.799177749,7681.412,45.049,4.689,153.207,145.001,94.643,97.937, 2017.06.17 04:59:45 ,0.922, 2017.06.17 12:12:42 , Proton - PROTON vs PROTON,6499,1411.249,1421.985,1225,1225,1213,1213,150, 25ns_1225b_1213_1060_1108_144bpi_12inj , 297056 297057  ,  ,
5839, 2017.06.16 16:08:29 , 6 hr 25 min ,3.799177749,7718.513,45.267,4.442,140.88,128.814,91.435,94.801, 2017.06.16 19:28:30 ,0.822, 2017.06.17 01:53:10 , Proton - PROTON vs PROTON,6499,1403.777,1423.289,1225,1225,1213,1213,150, 25ns_1225b_1213_1060_1108_144bpi_12inj , 297046 297047 297048 297049 297050  ,  ,
5838, 2017.06.16 10:38:07 , 3 hr 06 min ,3.799177749,7200.809,42.231,4.94,70.209,35.188,50.119,52.49, 2017.06.16 12:54:21 ,0.829, 2017.06.16 16:00:44 , Proton - PROTON vs PROTON,6499,1327.661,1343.126,1225,1225,1213,1213,150, 25ns_1225b_1213_1060_1108_144bpi_12inj , 297001 297002 297003 297004 297006 297007 297009 297010 297011 297012 297013 297014 297015 297016 297017 297018 297019  ,  ,
5837, 2017.06.15 20:52:39 , 11 hr 39 min ,3.799177749,7576.471,44.434,5.072,209.778,175.612,83.713,90.632, 2017.06.15 22:52:34 ,0.892, 2017.06.16 10:31:44 , Proton - PROTON vs PROTON,6500,1348.083,1356.458,1225,1225,1213,1213,150, 25ns_1225b_1213_1060_1108_144bpi_12inj , 296966 296967 296968 296969 296970 296971 296972 296976 296977 296978 296979 296980  ,  ,
5834, 2017.06.15 00:11:30 , 8 hr 09 min ,3.799177749,6095.479,44.566,5.095,114.22,85.688,75.02,79.651, 2017.06.15 04:21:17 ,0.854, 2017.06.15 12:30:31 , Proton - PROTON vs PROTON,6499,1084.491,1089.004,985,985,973,973,150, 25ns_985b_973_873_912_144bpi_11inj , 296887 296888 296889 296894 296895 296897 296898 296899 296900 296901 296902 296903 296904  ,  ,
5833, 2017.06.14 18:40:38 , 3 hr 46 min ,3.799177749,6192.547,45.276,5.2,70.596,42.351,59.99,68.282, 2017.06.14 20:04:44 ,0.833, 2017.06.14 23:50:32 , Proton - PROTON vs PROTON,6499,1077.724,1088.105,985,985,973,973,150, 25ns_985b_973_873_912_144bpi_11inj , 296866 296867 296868 296869 296870 296871 296872 296873 296874 296875 296876 296877 296878 296879 296880 296881  ,  ,
5830, 2017.06.14 03:52:13 , 7 hr 57 min ,3.799177749,6540.055,47.865,5.082,132.244,103.746,78.451,82.404, 2017.06.14 06:30:18 ,9.471, 2017.06.14 14:27:00 , Proton - PROTON vs PROTON,6500,1118.053,1116.936,985,985,973,973,150, 25ns_985b_973_872_908_96bpi_15inj , 296786 296787 296788 296789 296790 296791 296795 296796 296797 296798 296799 296800 296801 296802  ,  ,
5825, 2017.06.12 20:55:53 , 0 hr 37 min ,3.799177749,6978.568,51.075,4.723,13.934,12.044,86.437,94.351, 2017.06.12 23:43:09 ,0.898, 2017.06.13 00:19:44 , Proton - PROTON vs PROTON,6499,1203.911,1208.744,985,985,973,973,150, 25ns_985b_973_872_908_96bpi_15inj ,296702,  ,
5824, 2017.06.12 15:34:42 , 3 hr 31 min ,3.799177749,4204.952,50.787,4.789,43.259,17.505,40.466,56.331, 2017.06.12 17:19:13 ,0.845, 2017.06.12 20:50:21 , Proton - PROTON vs PROTON,6500,726.63,729.008,601,601,589,589,0, 25ns_601b_589_523_544_96bpi_11inj_v2 , 296663 296664 296665 296666 296668 296669 296671 296674 296675 296676 296677 296678 296679 296680  ,  ,
5822, 2017.06.12 06:57:06 , 2 hr 23 min ,3.799177749,24.889,19.673,4.064,0.094,0.049,52.29,78.973, 2017.06.12 09:39:05 ,1.023, 2017.06.12 12:01:40 , Proton - PROTON vs PROTON,6500,7.574,7.463,10,10,9,9,150, Single_10b_9_2_2_BSRT_Calib_RampUp , 296641 296642 296643 296644 296646 296647  ,  ,
5750, 2017.06.05 21:41:53 , 5 hr 44 min ,3.799177749,2884.55,34.839,4.4,50.136,46.828,93.402,96.307, 2017.06.06 00:56:23 ,0.948, 2017.06.06 06:40:41 , Proton - PROTON vs PROTON,6499,622.673,632.52,601,601,589,589,150, 25ns_601b_589_522_540_48bpi15inj_bcms , 296172 296173 296174  ,  ,
5749, 2017.06.05 17:42:45 , 0 hr 17 min ,3.799177749,3033.178,36.634,4.638,2.528,1.193,47.203,77.371, 2017.06.05 21:11:58 ,0.843, 2017.06.05 21:28:33 , Proton - PROTON vs PROTON,6499,624.924,633.479,601,601,589,589,150, 25ns_601b_589_522_540_48bpi15inj_bcms ,296168,  ,
5746, 2017.06.04 21:03:19 , 10 hr 40 min ,3.799177749,3116.672,37.643,4.725,85.172,36.375,42.708,55.996, 2017.06.04 23:48:58 ,1.057, 2017.06.05 10:29:12 , Proton - PROTON vs PROTON,6500,628.561,633.092,601,601,589,589,150, 25ns_601b_589_522_540_48bpi15inj_bcms , 296070 296071 296073 296074 296075 296076 296077 296078 296079 296081 296082 296083 296084 296085 296086 296087 296088 296089 296090 296091 296092 296093 296094 296095 296096 296097 296098 296099 296100 296101 296102 296103 296104 296107 296108 296109 296110 296111 296112 296113 296114 296115 296116  ,  ,
5737, 2017.06.03 02:45:51 , 7 hr 51 min ,3.799177749,1686.451,39.726,4.863,5.72,4.607,80.542,80.651, 2017.06.03 05:01:00 ,0.931, 2017.06.03 12:51:49 , Proton - PROTON vs PROTON,6499,333.58,333.549,315,315,303,303,150, 25ns_315b_303_228_240_48bpi_11inj , 295953 295965 295966 295967 295968 295969 295971 295974 295975 295976 295977 295978 295979  ,  ,
5730, 2017.05.30 07:02:07 , 15 hr 41 min ,3.799177749,1774.174,58.756,4.866,63.281,43.743,69.126,75.232, 2017.05.30 08:43:10 ,0.857, 2017.05.31 00:24:19 , Proton - PROTON vs PROTON,6500,342.863,341.998,315,315,303,303,150, 25ns_315b_303_228_240_48bpi_11inj , 295600 295602 295603 295604 295605 295606 295607 295608 295610 295613 295616 295628 295632 295634 295635 295636 295637 295638 295639 295640 295641 295642 295643 295644 295645 295646 295647 295648 295649 295650 295651 295652 295653 295654 295655  ,  ,
5722, 2017.05.28 17:32:54 , 10 hr 53 min ,3.799177749,1597.216,33.961,3.691,53.108,35.839,67.484,77.478, 2017.05.28 20:24:52 ,0.833, 2017.05.29 07:18:04 , Proton - PROTON vs PROTON,6500,389.267,390.187,336,336,336,336,150, 25ns_336b_336_210_252_12bpi_28inj , 295436 295437 295438 295439 295440 295441 295442 295443 295444 295445 295446 295447 295448 295449 295450 295451 295452 295453 295454 295455 295456 295457 295458 295459 295460 295463  ,  ,
5719, 2017.05.28 02:23:13 , 4 hr 16 min ,3.799177749,280.791,82.028,3.748,3.94,3.11,78.93,89.092, 2017.05.28 06:54:49 ,1.016, 2017.05.28 11:10:45 , Proton - PROTON vs PROTON,6499,83.821,85.743,75,75,63,63,150, 25ns_75b_63_30_60_12bpi_9inj , 295390 295391 295392 295393 295394 295395  ,  ,
5718, 2017.05.27 14:38:52 , 8 hr 17 min ,3.799177749,282.393,31.887,3.797,7.092,4.685,66.053,75.357, 2017.05.27 17:56:15 ,1.151, 2017.05.28 02:13:37 , Proton - PROTON vs PROTON,6499,84.039,83.643,75,75,63,63,150, 25ns_75b_63_30_60_12bpi_9inj , 295366 295367 295368 295369 295370 295371 295375 295376 295377 295378 295379 295380 295381  ,  ,
5717, 2017.05.27 03:24:56 , 9 hr 32 min ,3.799177749,306.429,34.602,3.641,8.274,2.755,33.29,49.715, 2017.05.27 04:51:51 ,1.116, 2017.05.27 14:23:52 , Proton - PROTON vs PROTON,6500,89.84,89.016,75,75,63,63,150, 25ns_75b_63_30_60_12bpi_9inj , 295315 295317 295318 295319 295320 295321 295322 295323 295324 295325 295326 295327 295328 295329 295330 295331 295332 295334 295335 295336 295337 295338 295339 295340 295341 295342 295343 295344 295345 295346 295347 295348 295349 295350 295354  ,  ,
5710, 2017.05.25 23:20:38 , 6 hr 07 min ,3.799177749,35.985,853.967,4.121,0.587,0.379,64.533,69.018, 2017.05.26 01:03:34 ,2.406, 2017.05.26 07:10:23 , Proton - PROTON vs PROTON,6500,12.6,12.837,12,12,8,8,150, Multi_12b_8_8_2_4bpi_3inj_2500ns , 295191 295192 295193 295194 295197 295198 295199 295200 295201 295202 295203 295204 295205 295206 295207 295208 295209 295210 295211  ,  ,
5704, 2017.05.24 23:51:26 , 7 hr 23 min ,3.799177749,49.258,1168.972,5.234,0.876,0.514,58.654,64.771, 2017.05.25 01:09:22 ,1.015, 2017.05.25 08:32:11 , Proton - PROTON vs PROTON,6499,12.839,13.588,12,12,8,8,150, Multi_12b_8_8_8_4bpi_3inj_2500ns , 295122 295123 295124 295125 295126 295127 295128 295129 295130 295131 295132 295133 295134 295135 295136  ,  ,
5699, 2017.05.23 23:21:43 , 4 hr 01 min ,3.799177749,12.889,1223.514,4.816,0.136,0.091,67.167,74.169, 2017.05.24 01:04:38 ,1.299, 2017.05.24 05:05:30 , Proton - PROTON vs PROTON,6499,2.98,3.324,3,3,2,2,150, Single_3b_2_2_2 , 294986 294987 294988 294989 294990 294991 294992 294993 294994 294995 294996 294997 294998 294999 295000 295001  ,  ,
5698, 2017.05.23 12:45:27 , 8 hr 40 min ,3.799177749,18.187,2531.21,9.523,0.166,0.089,53.482,52.571, 2017.05.23 14:32:22 ,1.891, 2017.05.23 23:12:14 , Proton - PROTON vs PROTON,6500,2.885,3.155,3,3,2,2,150, Single_3b_2_2_2 , 294927 294928 294929 294931 294932 294933 294934 294935 294936 294937 294939 294940 294941 294942 294943 294944 294946 294947 294949 294950 294951 294952 294953 294954 294955 294956 294957 294958 294959 294960 294961 294962 294968 294970 294971 294972  ,  ,
